regions,periods,demand_comm,demand,demand_units,demand_notes
TO,2016,ADEMPASTRAINHW,6710.109525187473,M pkm,Aggregated DemandPassengerTransportationIn BoundaryHome Work
TO,2016,ADEMPASTRAEXIHW,2764.5931232656303,M pkm,Aggregated DemandPassengerTransportationExternal INHome Work
TO,2016,ADEMPASTRAEXOHW,2736.052639953108,M pkm,Aggregated DemandPassengerTransportationExternal OUTHome Work
TO,2016,ADEMPASTRAINHS,2654.0683704288786,M pkm,Aggregated DemandPassengerTransportationIn BoundaryHome School
TO,2016,ADEMPASTRAEXIHS,649.6021984331195,M pkm,Aggregated DemandPassengerTransportationExternal INHome School
TO,2016,ADEMPASTRAEXOHS,642.8959816852972,M pkm,Aggregated DemandPassengerTransportationExternal OUTHome School
TO,2016,ADEMPASTRAINHO,3146.9372353504323,M pkm,Aggregated DemandPassengerTransportationIn BoundaryHome Other
TO,2016,ADEMPASTRAEXIHO,2020.0655077611768,M pkm,Aggregated DemandPassengerTransportationExternal INHome Other
TO,2016,ADEMPASTRAEXOHO,1999.211210819876,M pkm,Aggregated DemandPassengerTransportationExternal OUTHome Other
TO,2016,ADEMPASTRAINNH,1518.4543730921225,M pkm,Aggregated DemandPassengerTransportationIn BoundaryNon Home based
TO,2016,ADEMPASTRAEXINH,974.7182974403826,M pkm,Aggregated DemandPassengerTransportationExternal INNon Home based
TO,2016,ADEMPASTRAEXONH,964.6557203948148,M pkm,Aggregated DemandPassengerTransportationExternal OUTNon Home based
TO,2017,ADEMPASTRAINHW,6714.968853590487,M pkm,Aggregated DemandPassengerTransportationIn BoundaryHome Work
TO,2017,ADEMPASTRAEXIHW,2795.5315226970283,M pkm,Aggregated DemandPassengerTransportationExternal INHome Work
TO,2017,ADEMPASTRAEXOHW,2766.671644510354,M pkm,Aggregated DemandPassengerTransportationExternal OUTHome Work
TO,2017,ADEMPASTRAINHS,2655.9903941704515,M pkm,Aggregated DemandPassengerTransportationIn BoundaryHome School
TO,2017,ADEMPASTRAEXIHS,656.8718585207125,M pkm,Aggregated DemandPassengerTransportationExternal INHome School
TO,2017,ADEMPASTRAEXOHS,650.0905928947491,M pkm,Aggregated DemandPassengerTransportationExternal OUTHome School
TO,2017,ADEMPASTRAINHO,3149.216184961141,M pkm,Aggregated DemandPassengerTransportationIn BoundaryHome Other
TO,2017,ADEMPASTRAEXIHO,2042.6719423322363,M pkm,Aggregated DemandPassengerTransportationExternal INHome Other
TO,2017,ADEMPASTRAEXOHO,2021.5842661774805,M pkm,Aggregated DemandPassengerTransportationExternal OUTHome Other
TO,2017,ADEMPASTRAINNH,1519.5540076712825,M pkm,Aggregated DemandPassengerTransportationIn BoundaryNon Home based
TO,2017,ADEMPASTRAEXINH,985.6263127159474,M pkm,Aggregated DemandPassengerTransportationExternal INNon Home based
TO,2017,ADEMPASTRAEXONH,975.4511259610791,M pkm,Aggregated DemandPassengerTransportationExternal OUTNon Home based
TO,2018,ADEMPASTRAINHW,6721.367575537803,M pkm,Aggregated DemandPassengerTransportationIn BoundaryHome Work
TO,2018,ADEMPASTRAEXIHW,2825.6985236761802,M pkm,Aggregated DemandPassengerTransportationExternal INHome Work
TO,2018,ADEMPASTRAEXOHW,2796.527214204812,M pkm,Aggregated DemandPassengerTransportationExternal OUTHome Work
TO,2018,ADEMPASTRAINHS,2658.5212985421003,M pkm,Aggregated DemandPassengerTransportationIn BoundaryHome School
TO,2018,ADEMPASTRAEXIHS,663.9602615089407,M pkm,Aggregated DemandPassengerTransportationExternal INHome School
TO,2018,ADEMPASTRAEXOHS,657.105818226021,M pkm,Aggregated DemandPassengerTransportationExternal OUTHome School
TO,2018,ADEMPASTRAINHO,3152.21708625479,M pkm,Aggregated DemandPassengerTransportationIn BoundaryHome Other
TO,2018,ADEMPASTRAEXIHO,2064.714722384658,M pkm,Aggregated DemandPassengerTransportationExternal INHome Other
TO,2018,ADEMPASTRAEXOHO,2043.3994859459121,M pkm,Aggregated DemandPassengerTransportationExternal OUTHome Other
TO,2018,ADEMPASTRAINNH,1521.0019970500894,M pkm,Aggregated DemandPassengerTransportationIn BoundaryNon Home based
TO,2018,ADEMPASTRAEXINH,996.2623544487532,M pkm,Aggregated DemandPassengerTransportationExternal INNon Home based
TO,2018,ADEMPASTRAEXONH,985.977365723739,M pkm,Aggregated DemandPassengerTransportationExternal OUTNon Home based
TO,2019,ADEMPASTRAINHW,6729.70066914892,M pkm,Aggregated DemandPassengerTransportationIn BoundaryHome Work
TO,2019,ADEMPASTRAEXIHW,2856.238614510998,M pkm,Aggregated DemandPassengerTransportationExternal INHome Work
TO,2019,ADEMPASTRAEXOHW,2826.7520221339832,M pkm,Aggregated DemandPassengerTransportationExternal OUTHome Work
TO,2019,ADEMPASTRAINHS,2661.8173103431104,M pkm,Aggregated DemandPassengerTransportationIn BoundaryHome School
TO,2019,ADEMPASTRAEXIHS,671.1363301968388,M pkm,Aggregated DemandPassengerTransportationExternal INHome School
TO,2019,ADEMPASTRAEXOHS,664.2078042335736,M pkm,Aggregated DemandPassengerTransportationExternal OUTHome School
TO,2019,ADEMPASTRAINHO,3156.12517783989,M pkm,Aggregated DemandPassengerTransportationIn BoundaryHome Other
TO,2019,ADEMPASTRAEXIHO,2087.030116132884,M pkm,Aggregated DemandPassengerTransportationExternal INHome Other
TO,2019,ADEMPASTRAEXOHO,2065.4845050623253,M pkm,Aggregated DemandPassengerTransportationExternal OUTHome Other
TO,2019,ADEMPASTRAINNH,1522.887722221592,M pkm,Aggregated DemandPassengerTransportationIn BoundaryNon Home based
TO,2019,ADEMPASTRAEXINH,1007.0299372411988,M pkm,Aggregated DemandPassengerTransportationExternal INNon Home based
TO,2019,ADEMPASTRAEXONH,996.6337885720982,M pkm,Aggregated DemandPassengerTransportationExternal OUTNon Home based
TO,2020,ADEMPASTRAINHW,6738.880622285097,M pkm,Aggregated DemandPassengerTransportationIn BoundaryHome Work
TO,2020,ADEMPASTRAEXIHW,2886.0013728988038,M pkm,Aggregated DemandPassengerTransportationExternal INHome Work
TO,2020,ADEMPASTRAEXOHW,2856.2075224656382,M pkm,Aggregated DemandPassengerTransportationExternal OUTHome Work
TO,2020,ADEMPASTRAINHS,2665.4482828584314,M pkm,Aggregated DemandPassengerTransportationIn BoundaryHome School
TO,2020,ADEMPASTRAEXIHS,678.1297474622751,M pkm,Aggregated DemandPassengerTransportationExternal INHome School
TO,2020,ADEMPASTRAEXOHS,671.1290244342476,M pkm,Aggregated DemandPassengerTransportationExternal OUTHome School
TO,2020,ADEMPASTRAINHO,3160.430433400112,M pkm,Aggregated DemandPassengerTransportationIn BoundaryHome Other
TO,2020,ADEMPASTRAEXIHO,2108.777519441193,M pkm,Aggregated DemandPassengerTransportationExternal INHome Other
TO,2020,ADEMPASTRAEXOHO,2087.0073974304933,M pkm,Aggregated DemandPassengerTransportationExternal OUTHome Other
TO,2020,ADEMPASTRAINNH,1524.9650862246813,M pkm,Aggregated DemandPassengerTransportationIn BoundaryNon Home based
TO,2020,ADEMPASTRAEXINH,1017.5234543301162,M pkm,Aggregated DemandPassengerTransportationExternal INNon Home based
TO,2020,ADEMPASTRAEXONH,1007.0189750546614,M pkm,Aggregated DemandPassengerTransportationExternal OUTNon Home based
TO,2021,ADEMPASTRAINHW,6749.9868020575705,M pkm,Aggregated DemandPassengerTransportationIn BoundaryHome Work
TO,2021,ADEMPASTRAEXIHW,2915.265503717855,M pkm,Aggregated DemandPassengerTransportationExternal INHome Work
TO,2021,ADEMPASTRAEXOHW,2885.1695428474363,M pkm,Aggregated DemandPassengerTransportationExternal OUTHome Work
TO,2021,ADEMPASTRAINHS,2669.841141177625,M pkm,Aggregated DemandPassengerTransportationIn BoundaryHome School
TO,2021,ADEMPASTRAEXIHS,685.0060011703921,M pkm,Aggregated DemandPassengerTransportationExternal INHome School
TO,2021,ADEMPASTRAEXOHS,677.9342906243253,M pkm,Aggregated DemandPassengerTransportationExternal OUTHome School
TO,2021,ADEMPASTRAINHO,3165.6390593602846,M pkm,Aggregated DemandPassengerTransportationIn BoundaryHome Other
TO,2021,ADEMPASTRAEXIHO,2130.16057967696,M pkm,Aggregated DemandPassengerTransportationExternal INHome Other
TO,2021,ADEMPASTRAEXOHO,2108.1697080490044,M pkm,Aggregated DemandPassengerTransportationExternal OUTHome Other
TO,2021,ADEMPASTRAINNH,1527.4783428534379,M pkm,Aggregated DemandPassengerTransportationIn BoundaryNon Home based
TO,2021,ADEMPASTRAEXINH,1027.8411692690597,M pkm,Aggregated DemandPassengerTransportationExternal INNon Home based
TO,2021,ADEMPASTRAEXONH,1017.2301742938587,M pkm,Aggregated DemandPassengerTransportationExternal OUTNon Home based
TO,2022,ADEMPASTRAINHW,6753.053926389136,M pkm,Aggregated DemandPassengerTransportationIn BoundaryHome Work
TO,2022,ADEMPASTRAEXIHW,2936.671876700293,M pkm,Aggregated DemandPassengerTransportationExternal INHome Work
TO,2022,ADEMPASTRAEXOHW,2906.3549255417392,M pkm,Aggregated DemandPassengerTransportationExternal OUTHome Work
TO,2022,ADEMPASTRAINHS,2671.054289434896,M pkm,Aggregated DemandPassengerTransportationIn BoundaryHome School
TO,2022,ADEMPASTRAEXIHS,690.0359011700872,M pkm,Aggregated DemandPassengerTransportationExternal INHome School
TO,2022,ADEMPASTRAEXOHS,682.9122640762051,M pkm,Aggregated DemandPassengerTransportationExternal OUTHome School
TO,2022,ADEMPASTRAINHO,3167.077493074104,M pkm,Aggregated DemandPassengerTransportationIn BoundaryHome Other
TO,2022,ADEMPASTRAEXIHO,2145.802040745565,M pkm,Aggregated DemandPassengerTransportationExternal INHome Other
TO,2022,ADEMPASTRAEXOHO,2123.649693327608,M pkm,Aggregated DemandPassengerTransportationExternal OUTHome Other
TO,2022,ADEMPASTRAINNH,1528.1724132462682,M pkm,Aggregated DemandPassengerTransportationIn BoundaryNon Home based
TO,2022,ADEMPASTRAEXINH,1035.3884583266151,M pkm,Aggregated DemandPassengerTransportationExternal INNon Home based
TO,2022,ADEMPASTRAEXONH,1024.6995483498938,M pkm,Aggregated DemandPassengerTransportationExternal OUTNon Home based
TO,2023,ADEMPASTRAINHW,6757.588410361164,M pkm,Aggregated DemandPassengerTransportationIn BoundaryHome Work
TO,2023,ADEMPASTRAEXIHW,2958.4175907610584,M pkm,Aggregated DemandPassengerTransportationExternal INHome Work
TO,2023,ADEMPASTRAEXOHW,2927.876146101437,M pkm,Aggregated DemandPassengerTransportationExternal OUTHome Work
TO,2023,ADEMPASTRAINHS,2672.847826550975,M pkm,Aggregated DemandPassengerTransportationIn BoundaryHome School
TO,2023,ADEMPASTRAEXIHS,695.1455368490203,M pkm,Aggregated DemandPassengerTransportationExternal INHome School
TO,2023,ADEMPASTRAEXOHS,687.9691500500912,M pkm,Aggregated DemandPassengerTransportationExternal OUTHome School
TO,2023,ADEMPASTRAINHO,3169.204095687834,M pkm,Aggregated DemandPassengerTransportationIn BoundaryHome Other
TO,2023,ADEMPASTRAEXIHO,2161.6914555553294,M pkm,Aggregated DemandPassengerTransportationExternal INHome Other
TO,2023,ADEMPASTRAEXOHO,2139.37507257843,M pkm,Aggregated DemandPassengerTransportationExternal OUTHome Other
TO,2023,ADEMPASTRAINNH,1529.1985376323453,M pkm,Aggregated DemandPassengerTransportationIn BoundaryNon Home based
TO,2023,ADEMPASTRAEXINH,1043.0553895678017,M pkm,Aggregated DemandPassengerTransportationExternal INNon Home based
TO,2023,ADEMPASTRAEXONH,1032.2873294545536,M pkm,Aggregated DemandPassengerTransportationExternal OUTNon Home based
TO,2024,ADEMPASTRAINHW,6764.718547322495,M pkm,Aggregated DemandPassengerTransportationIn BoundaryHome Work
TO,2024,ADEMPASTRAEXIHW,2980.4306365146736,M pkm,Aggregated DemandPassengerTransportationExternal INHome Work
TO,2024,ADEMPASTRAEXOHW,2949.661938535313,M pkm,Aggregated DemandPassengerTransportationExternal OUTHome Work
TO,2024,ADEMPASTRAINHS,2675.6680295468964,M pkm,Aggregated DemandPassengerTransportationIn BoundaryHome School
TO,2024,ADEMPASTRAEXIHS,700.3179880120565,M pkm,Aggregated DemandPassengerTransportationExternal INHome School
TO,2024,ADEMPASTRAEXOHS,693.0882030277447,M pkm,Aggregated DemandPassengerTransportationExternal OUTHome School
TO,2024,ADEMPASTRAINHO,3172.548019272469,M pkm,Aggregated DemandPassengerTransportationIn BoundaryHome Other
TO,2024,ADEMPASTRAEXIHO,2177.776207439223,M pkm,Aggregated DemandPassengerTransportationExternal INHome Other
TO,2024,ADEMPASTRAEXOHO,2155.2937723265263,M pkm,Aggregated DemandPassengerTransportationExternal OUTHome Other
TO,2024,ADEMPASTRAINNH,1530.8120414967814,M pkm,Aggregated DemandPassengerTransportationIn BoundaryNon Home based
TO,2024,ADEMPASTRAEXINH,1050.816574495114,M pkm,Aggregated DemandPassengerTransportationExternal INNon Home based
TO,2024,ADEMPASTRAEXONH,1039.9683912103806,M pkm,Aggregated DemandPassengerTransportationExternal OUTNon Home based
TO,2025,ADEMPASTRAINHW,6773.9710262738945,M pkm,Aggregated DemandPassengerTransportationIn BoundaryHome Work
TO,2025,ADEMPASTRAEXIHW,3002.3508424190345,M pkm,Aggregated DemandPassengerTransportationExternal INHome Work
TO,2025,ADEMPASTRAEXOHW,2971.355849559044,M pkm,Aggregated DemandPassengerTransportationExternal OUTHome Work
TO,2025,ADEMPASTRAINHS,2679.3276884005695,M pkm,Aggregated DemandPassengerTransportationIn BoundaryHome School
TO,2025,ADEMPASTRAEXIHS,705.4686244025427,M pkm,Aggregated DemandPassengerTransportationExternal INHome School
TO,2025,ADEMPASTRAEXOHS,698.1856664392799,M pkm,Aggregated DemandPassengerTransportationExternal OUTHome School
TO,2025,ADEMPASTRAINHO,3176.887288314526,M pkm,Aggregated DemandPassengerTransportationIn BoundaryHome Other
TO,2025,ADEMPASTRAEXIHO,2193.7931220071496,M pkm,Aggregated DemandPassengerTransportationExternal INHome Other
TO,2025,ADEMPASTRAEXOHO,2171.145335082247,M pkm,Aggregated DemandPassengerTransportationExternal OUTHome Other
TO,2025,ADEMPASTRAINNH,1532.9058176226342,M pkm,Aggregated DemandPassengerTransportationIn BoundaryNon Home based
TO,2025,ADEMPASTRAEXINH,1058.5450266853602,M pkm,Aggregated DemandPassengerTransportationExternal INNon Home based
TO,2025,ADEMPASTRAEXONH,1047.6170581479935,M pkm,Aggregated DemandPassengerTransportationExternal OUTNon Home based
TO,2026,ADEMPASTRAINHW,6784.850459855394,M pkm,Aggregated DemandPassengerTransportationIn BoundaryHome Work
TO,2026,ADEMPASTRAEXIHW,3024.128265560648,M pkm,Aggregated DemandPassengerTransportationExternal INHome Work
TO,2026,ADEMPASTRAEXOHW,2992.9084518485283,M pkm,Aggregated DemandPassengerTransportationExternal OUTHome Work
TO,2026,ADEMPASTRAINHS,2683.630861165254,M pkm,Aggregated DemandPassengerTransportationIn BoundaryHome School
TO,2026,ADEMPASTRAEXIHS,710.5857108301793,M pkm,Aggregated DemandPassengerTransportationExternal INHome School
TO,2026,ADEMPASTRAEXOHS,703.2499262435094,M pkm,Aggregated DemandPassengerTransportationExternal OUTHome School
TO,2026,ADEMPASTRAINHO,3181.98957382993,M pkm,Aggregated DemandPassengerTransportationIn BoundaryHome Other
TO,2026,ADEMPASTRAEXIHO,2209.7057063820716,M pkm,Aggregated DemandPassengerTransportationExternal INHome Other
TO,2026,ADEMPASTRAEXOHO,2186.8936447054925,M pkm,Aggregated DemandPassengerTransportationExternal OUTHome Other
TO,2026,ADEMPASTRAINNH,1535.367763055355,M pkm,Aggregated DemandPassengerTransportationIn BoundaryNon Home based
TO,2026,ADEMPASTRAEXINH,1066.2231376625582,M pkm,Aggregated DemandPassengerTransportationExternal INNon Home based
TO,2026,ADEMPASTRAEXONH,1055.2159035738264,M pkm,Aggregated DemandPassengerTransportationExternal OUTNon Home based
TO,2027,ADEMPASTRAINHW,6796.690903652521,M pkm,Aggregated DemandPassengerTransportationIn BoundaryHome Work
TO,2027,ADEMPASTRAEXIHW,3045.7313821891603,M pkm,Aggregated DemandPassengerTransportationExternal INHome Work
TO,2027,ADEMPASTRAEXOHW,3014.2885470912006,M pkm,Aggregated DemandPassengerTransportationExternal OUTHome Work
TO,2027,ADEMPASTRAINHS,2688.314144985859,M pkm,Aggregated DemandPassengerTransportationIn BoundaryHome School
TO,2027,ADEMPASTRAEXIHS,715.661840093755,M pkm,Aggregated DemandPassengerTransportationExternal INHome School
TO,2027,ADEMPASTRAEXOHS,708.273651708016,M pkm,Aggregated DemandPassengerTransportationExternal OUTHome School
TO,2027,ADEMPASTRAINHO,3187.542558222866,M pkm,Aggregated DemandPassengerTransportationIn BoundaryHome Other
TO,2027,ADEMPASTRAEXIHO,2225.490926418303,M pkm,Aggregated DemandPassengerTransportationExternal INHome Other
TO,2027,ADEMPASTRAEXOHO,2202.515904845297,M pkm,Aggregated DemandPassengerTransportationExternal OUTHome Other
TO,2027,ADEMPASTRAINNH,1538.0471788824161,M pkm,Aggregated DemandPassengerTransportationIn BoundaryNon Home based
TO,2027,ADEMPASTRAEXINH,1073.8397930330514,M pkm,Aggregated DemandPassengerTransportationExternal INNon Home based
TO,2027,ADEMPASTRAEXONH,1062.7539278344939,M pkm,Aggregated DemandPassengerTransportationExternal OUTNon Home based
TO,2028,ADEMPASTRAINHW,6809.293465360055,M pkm,Aggregated DemandPassengerTransportationIn BoundaryHome Work
TO,2028,ADEMPASTRAEXIHW,3067.144616054626,M pkm,Aggregated DemandPassengerTransportationExternal INHome Work
TO,2028,ADEMPASTRAEXOHW,3035.4807198396934,M pkm,Aggregated DemandPassengerTransportationExternal OUTHome Work
TO,2028,ADEMPASTRAINHS,2693.2988714331386,M pkm,Aggregated DemandPassengerTransportationIn BoundaryHome School
TO,2028,ADEMPASTRAEXIHS,720.6933522094106,M pkm,Aggregated DemandPassengerTransportationExternal INHome School
TO,2028,ADEMPASTRAEXOHS,713.253220633057,M pkm,Aggregated DemandPassengerTransportationExternal OUTHome School
TO,2028,ADEMPASTRAINHO,3193.452964088727,M pkm,Aggregated DemandPassengerTransportationIn BoundaryHome Other
TO,2028,ADEMPASTRAEXIHO,2241.1374006778333,M pkm,Aggregated DemandPassengerTransportationExternal INHome Other
TO,2028,ADEMPASTRAEXOHO,2218.0008515607756,M pkm,Aggregated DemandPassengerTransportationExternal OUTHome Other
TO,2028,ADEMPASTRAINNH,1540.8990570619208,M pkm,Aggregated DemandPassengerTransportationIn BoundaryNon Home based
TO,2028,ADEMPASTRAEXINH,1081.3895010462816,M pkm,Aggregated DemandPassengerTransportationExternal INNon Home based
TO,2028,ADEMPASTRAEXONH,1070.2256958739345,M pkm,Aggregated DemandPassengerTransportationExternal OUTNon Home based
TO,2029,ADEMPASTRAINHW,6822.7845022577785,M pkm,Aggregated DemandPassengerTransportationIn BoundaryHome Work
TO,2029,ADEMPASTRAEXIHW,3088.798417508083,M pkm,Aggregated DemandPassengerTransportationExternal INHome Work
TO,2029,ADEMPASTRAEXOHW,3056.9109766587394,M pkm,Aggregated DemandPassengerTransportationExternal OUTHome Work
TO,2029,ADEMPASTRAINHS,2698.635018955043,M pkm,Aggregated DemandPassengerTransportationIn BoundaryHome School
TO,2029,ADEMPASTRAEXIHS,725.7813909917628,M pkm,Aggregated DemandPassengerTransportationExternal INHome School
TO,2029,ADEMPASTRAEXOHS,718.2887326675348,M pkm,Aggregated DemandPassengerTransportationExternal OUTHome School
TO,2029,ADEMPASTRAINHO,3199.7800510308357,M pkm,Aggregated DemandPassengerTransportationIn BoundaryHome Other
TO,2029,ADEMPASTRAEXIHO,2256.9596556997108,M pkm,Aggregated DemandPassengerTransportationExternal INHome Other
TO,2029,ADEMPASTRAEXOHO,2233.65976435279,M pkm,Aggregated DemandPassengerTransportationExternal OUTHome Other
TO,2029,ADEMPASTRAINNH,1543.951991428789,M pkm,Aggregated DemandPassengerTransportationIn BoundaryNon Home based
TO,2029,ADEMPASTRAEXINH,1089.024026470006,M pkm,Aggregated DemandPassengerTransportationExternal INNon Home based
TO,2029,ADEMPASTRAEXONH,1077.781405705006,M pkm,Aggregated DemandPassengerTransportationExternal OUTNon Home based
TO,2030,ADEMPASTRAINHW,6836.880123112445,M pkm,Aggregated DemandPassengerTransportationIn BoundaryHome Work
TO,2030,ADEMPASTRAEXIHW,3111.089364569567,M pkm,Aggregated DemandPassengerTransportationExternal INHome Work
TO,2030,ADEMPASTRAEXOHW,3078.971801465605,M pkm,Aggregated DemandPassengerTransportationExternal OUTHome Work
TO,2030,ADEMPASTRAINHS,2704.2102992588143,M pkm,Aggregated DemandPassengerTransportationIn BoundaryHome School
TO,2030,ADEMPASTRAEXIHS,731.0191412033353,M pkm,Aggregated DemandPassengerTransportationExternal INHome School
TO,2030,ADEMPASTRAEXOHS,723.4724105741267,M pkm,Aggregated DemandPassengerTransportationExternal OUTHome School
TO,2030,ADEMPASTRAINHO,3206.3906784664127,M pkm,Aggregated DemandPassengerTransportationIn BoundaryHome Other
TO,2030,ADEMPASTRAEXIHO,2273.24746778869,M pkm,Aggregated DemandPassengerTransportationExternal INHome Other
TO,2030,ADEMPASTRAEXOHO,2249.779427998799,M pkm,Aggregated DemandPassengerTransportationExternal OUTHome Other
TO,2030,ADEMPASTRAINNH,1547.141739233631,M pkm,Aggregated DemandPassengerTransportationIn BoundaryNon Home based
TO,2030,ADEMPASTRAEXINH,1096.883191634404,M pkm,Aggregated DemandPassengerTransportationExternal INNon Home based
TO,2030,ADEMPASTRAEXONH,1085.5594361916326,M pkm,Aggregated DemandPassengerTransportationExternal OUTNon Home based
TO,2031,ADEMPASTRAINHW,6851.48065884129,M pkm,Aggregated DemandPassengerTransportationIn BoundaryHome Work
TO,2031,ADEMPASTRAEXIHW,3134.1962140419387,M pkm,Aggregated DemandPassengerTransportationExternal INHome Work
TO,2031,ADEMPASTRAEXOHW,3101.8401056539633,M pkm,Aggregated DemandPassengerTransportationExternal OUTHome Work
TO,2031,ADEMPASTRAINHS,2709.985289953644,M pkm,Aggregated DemandPassengerTransportationIn BoundaryHome School
TO,2031,ADEMPASTRAEXIHS,736.4486057020334,M pkm,Aggregated DemandPassengerTransportationExternal INHome School
TO,2031,ADEMPASTRAEXOHS,728.8458235911015,M pkm,Aggregated DemandPassengerTransportationExternal OUTHome School
TO,2031,ADEMPASTRAINHO,3213.2381031423733,M pkm,Aggregated DemandPassengerTransportationIn BoundaryHome Other
TO,2031,ADEMPASTRAEXIHO,2290.1314530736677,M pkm,Aggregated DemandPassengerTransportationExternal INHome Other
TO,2031,ADEMPASTRAEXOHO,2266.4891102023503,M pkm,Aggregated DemandPassengerTransportationExternal OUTHome Other
TO,2031,ADEMPASTRAINNH,1550.4457460078472,M pkm,Aggregated DemandPassengerTransportationIn BoundaryNon Home based
TO,2031,ADEMPASTRAEXINH,1105.0300211940164,M pkm,Aggregated DemandPassengerTransportationExternal INNon Home based
TO,2031,ADEMPASTRAEXONH,1093.6221613486334,M pkm,Aggregated DemandPassengerTransportationExternal OUTNon Home based
TO,2032,ADEMPASTRAINHW,6867.395164758507,M pkm,Aggregated DemandPassengerTransportationIn BoundaryHome Work
TO,2032,ADEMPASTRAEXIHW,3157.2826659599323,M pkm,Aggregated DemandPassengerTransportationExternal INHome Work
TO,2032,ADEMPASTRAEXOHW,3124.6882228636173,M pkm,Aggregated DemandPassengerTransportationExternal OUTHome Work
TO,2032,ADEMPASTRAINHS,2716.279998948682,M pkm,Aggregated DemandPassengerTransportationIn BoundaryHome School
TO,2032,ADEMPASTRAEXIHS,741.8732773449384,M pkm,Aggregated DemandPassengerTransportationExternal INHome School
TO,2032,ADEMPASTRAEXOHS,734.2144932316875,M pkm,Aggregated DemandPassengerTransportationExternal OUTHome School
TO,2032,ADEMPASTRAINHO,3220.7017594456133,M pkm,Aggregated DemandPassengerTransportationIn BoundaryHome Other
TO,2032,ADEMPASTRAEXIHO,2307.000534033052,M pkm,Aggregated DemandPassengerTransportationExternal INHome Other
TO,2032,ADEMPASTRAEXOHO,2283.1840419462255,M pkm,Aggregated DemandPassengerTransportationExternal OUTHome Other
TO,2032,ADEMPASTRAINNH,1554.0470957346872,M pkm,Aggregated DemandPassengerTransportationIn BoundaryNon Home based
TO,2032,ADEMPASTRAEXINH,1113.1696591458262,M pkm,Aggregated DemandPassengerTransportationExternal INNon Home based
TO,2032,ADEMPASTRAEXONH,1101.6777691409316,M pkm,Aggregated DemandPassengerTransportationExternal OUTNon Home based
TO,2033,ADEMPASTRAINHW,6883.468042186107,M pkm,Aggregated DemandPassengerTransportationIn BoundaryHome Work
TO,2033,ADEMPASTRAEXIHW,3180.751726553003,M pkm,Aggregated DemandPassengerTransportationExternal INHome Work
TO,2033,ADEMPASTRAEXOHW,3147.9149988591535,M pkm,Aggregated DemandPassengerTransportationExternal OUTHome Work
TO,2033,ADEMPASTRAINHS,2722.6373490697565,M pkm,Aggregated DemandPassengerTransportationIn BoundaryHome School
TO,2033,ADEMPASTRAEXIHS,747.387851344316,M pkm,Aggregated DemandPassengerTransportationExternal INHome School
TO,2033,ADEMPASTRAEXOHS,739.6721371150635,M pkm,Aggregated DemandPassengerTransportationExternal OUTHome School
TO,2033,ADEMPASTRAINHO,3228.2396895295074,M pkm,Aggregated DemandPassengerTransportationIn BoundaryHome Other
TO,2033,ADEMPASTRAEXIHO,2324.1491840114686,M pkm,Aggregated DemandPassengerTransportationExternal INHome Other
TO,2033,ADEMPASTRAEXOHO,2300.1556565575124,M pkm,Aggregated DemandPassengerTransportationExternal OUTHome Other
TO,2033,ADEMPASTRAINNH,1557.6842839097087,M pkm,Aggregated DemandPassengerTransportationIn BoundaryNon Home based
TO,2033,ADEMPASTRAEXINH,1121.4441942270616,M pkm,Aggregated DemandPassengerTransportationExternal INNon Home based
TO,2033,ADEMPASTRAEXONH,1109.8668814420776,M pkm,Aggregated DemandPassengerTransportationExternal OUTNon Home based
TO,2034,ADEMPASTRAINHW,6899.722155936513,M pkm,Aggregated DemandPassengerTransportationIn BoundaryHome Work
TO,2034,ADEMPASTRAEXIHW,3204.252681557416,M pkm,Aggregated DemandPassengerTransportationExternal INHome Work
TO,2034,ADEMPASTRAEXOHW,3171.173340001698,M pkm,Aggregated DemandPassengerTransportationExternal OUTHome Work
TO,2034,ADEMPASTRAINHS,2729.0663841000155,M pkm,Aggregated DemandPassengerTransportationIn BoundaryHome School
TO,2034,ADEMPASTRAEXIHS,752.9099196398892,M pkm,Aggregated DemandPassengerTransportationExternal INHome School
TO,2034,ADEMPASTRAEXOHS,745.1371979267092,M pkm,Aggregated DemandPassengerTransportationExternal OUTHome School
TO,2034,ADEMPASTRAINHO,3235.862616636252,M pkm,Aggregated DemandPassengerTransportationIn BoundaryHome Other
TO,2034,ADEMPASTRAEXIHO,2341.321138974514,M pkm,Aggregated DemandPassengerTransportationExternal INHome Other
TO,2034,ADEMPASTRAEXOHO,2317.1503355626814,M pkm,Aggregated DemandPassengerTransportationExternal OUTHome Other
TO,2034,ADEMPASTRAINNH,1561.3624846920352,M pkm,Aggregated DemandPassengerTransportationIn BoundaryNon Home based
TO,2034,ADEMPASTRAEXINH,1129.729974386663,M pkm,Aggregated DemandPassengerTransportationExternal INNon Home based
TO,2034,ADEMPASTRAEXONH,1118.0671227321843,M pkm,Aggregated DemandPassengerTransportationExternal OUTNon Home based
TO,2035,ADEMPASTRAINHW,6915.638256891196,M pkm,Aggregated DemandPassengerTransportationIn BoundaryHome Work
TO,2035,ADEMPASTRAEXIHW,3227.552504284933,M pkm,Aggregated DemandPassengerTransportationExternal INHome Work
TO,2035,ADEMPASTRAEXOHW,3194.2326252714083,M pkm,Aggregated DemandPassengerTransportationExternal OUTHome Work
TO,2035,ADEMPASTRAINHS,2735.3617239846794,M pkm,Aggregated DemandPassengerTransportationIn BoundaryHome School
TO,2035,ADEMPASTRAEXIHS,758.3847274658661,M pkm,Aggregated DemandPassengerTransportationExternal INHome School
TO,2035,ADEMPASTRAEXOHS,750.5554861657417,M pkm,Aggregated DemandPassengerTransportationExternal OUTHome School
TO,2035,ADEMPASTRAINHO,3243.3270209873103,M pkm,Aggregated DemandPassengerTransportationIn BoundaryHome Other
TO,2035,ADEMPASTRAEXIHO,2358.346128233407,M pkm,Aggregated DemandPassengerTransportationExternal INHome Other
TO,2035,ADEMPASTRAEXOHO,2333.999566075106,M pkm,Aggregated DemandPassengerTransportationExternal OUTHome Other
TO,2035,ADEMPASTRAINNH,1564.9641953655341,M pkm,Aggregated DemandPassengerTransportationIn BoundaryNon Home based
TO,2035,ADEMPASTRAEXINH,1137.9448409247093,M pkm,Aggregated DemandPassengerTransportationExternal INNon Home based
TO,2035,ADEMPASTRAEXONH,1126.1971824827976,M pkm,Aggregated DemandPassengerTransportationExternal OUTNon Home based
TO,2036,ADEMPASTRAINHW,6931.25449629047,M pkm,Aggregated DemandPassengerTransportationIn BoundaryHome Work
TO,2036,ADEMPASTRAEXIHW,3251.142590406608,M pkm,Aggregated DemandPassengerTransportationExternal INHome Work
TO,2036,ADEMPASTRAEXOHW,3217.579177379477,M pkm,Aggregated DemandPassengerTransportationExternal OUTHome Work
TO,2036,ADEMPASTRAINHS,2741.5384587904355,M pkm,Aggregated DemandPassengerTransportationIn BoundaryHome School
TO,2036,ADEMPASTRAEXIHS,763.9277390855165,M pkm,Aggregated DemandPassengerTransportationExternal INHome School
TO,2036,ADEMPASTRAEXOHS,756.0412740914965,M pkm,Aggregated DemandPassengerTransportationExternal OUTHome School
TO,2036,ADEMPASTRAINHO,3250.650794922334,M pkm,Aggregated DemandPassengerTransportationIn BoundaryHome Other
TO,2036,ADEMPASTRAEXIHO,2375.5832105723885,M pkm,Aggregated DemandPassengerTransportationExternal INHome Other
TO,2036,ADEMPASTRAEXOHO,2351.058700108888,M pkm,Aggregated DemandPassengerTransportationExternal OUTHome Other
TO,2036,ADEMPASTRAINNH,1568.4980493090611,M pkm,Aggregated DemandPassengerTransportationIn BoundaryNon Home based
TO,2036,ADEMPASTRAEXINH,1146.262046226092,M pkm,Aggregated DemandPassengerTransportationExternal INNon Home based
TO,2036,ADEMPASTRAEXONH,1134.4285244948908,M pkm,Aggregated DemandPassengerTransportationExternal OUTNon Home based
TO,2037,ADEMPASTRAINHW,6946.775932702457,M pkm,Aggregated DemandPassengerTransportationIn BoundaryHome Work
TO,2037,ADEMPASTRAEXIHW,3275.0151519153637,M pkm,Aggregated DemandPassengerTransportationExternal INHome Work
TO,2037,ADEMPASTRAEXOHW,3241.2052887188993,M pkm,Aggregated DemandPassengerTransportationExternal OUTHome Work
TO,2037,ADEMPASTRAINHS,2747.6776959057233,M pkm,Aggregated DemandPassengerTransportationIn BoundaryHome School
TO,2037,ADEMPASTRAEXIHS,769.5371245346128,M pkm,Aggregated DemandPassengerTransportationExternal INHome School
TO,2037,ADEMPASTRAEXOHS,761.592750631518,M pkm,Aggregated DemandPassengerTransportationExternal OUTHome School
TO,2037,ADEMPASTRAINHO,3257.9301077275363,M pkm,Aggregated DemandPassengerTransportationIn BoundaryHome Other
TO,2037,ADEMPASTRAEXIHO,2393.0266953585983,M pkm,Aggregated DemandPassengerTransportationExternal INHome Other
TO,2037,ADEMPASTRAEXOHO,2368.322105778839,M pkm,Aggregated DemandPassengerTransportationExternal OUTHome Other
TO,2037,ADEMPASTRAINNH,1572.0104499499125,M pkm,Aggregated DemandPassengerTransportationIn BoundaryNon Home based
TO,2037,ADEMPASTRAEXINH,1154.6788444570986,M pkm,Aggregated DemandPassengerTransportationExternal INNon Home based
TO,2037,ADEMPASTRAEXONH,1142.7584312815704,M pkm,Aggregated DemandPassengerTransportationExternal OUTNon Home based
TO,2038,ADEMPASTRAINHW,6961.033390446742,M pkm,Aggregated DemandPassengerTransportationIn BoundaryHome Work
TO,2038,ADEMPASTRAEXIHW,3298.9752374006066,M pkm,Aggregated DemandPassengerTransportationExternal INHome Work
TO,2038,ADEMPASTRAEXOHW,3264.9180204745085,M pkm,Aggregated DemandPassengerTransportationExternal OUTHome Work
TO,2038,ADEMPASTRAINHS,2753.3169880066635,M pkm,Aggregated DemandPassengerTransportationIn BoundaryHome School
TO,2038,ADEMPASTRAEXIHS,775.1670756745742,M pkm,Aggregated DemandPassengerTransportationExternal INHome School
TO,2038,ADEMPASTRAEXOHS,767.1645805509613,M pkm,Aggregated DemandPassengerTransportationExternal OUTHome School
TO,2038,ADEMPASTRAINHO,3264.6166341528515,M pkm,Aggregated DemandPassengerTransportationIn BoundaryHome Other
TO,2038,ADEMPASTRAEXIHO,2410.5341331961686,M pkm,Aggregated DemandPassengerTransportationExternal INHome Other
TO,2038,ADEMPASTRAEXOHO,2385.6488042760548,M pkm,Aggregated DemandPassengerTransportationExternal OUTHome Other
TO,2038,ADEMPASTRAINNH,1575.2368203958376,M pkm,Aggregated DemandPassengerTransportationIn BoundaryNon Home based
TO,2038,ADEMPASTRAEXINH,1163.1265011969501,M pkm,Aggregated DemandPassengerTransportationExternal INNon Home based
TO,2038,ADEMPASTRAEXONH,1151.1188780069772,M pkm,Aggregated DemandPassengerTransportationExternal OUTNon Home based
TO,2039,ADEMPASTRAINHW,6974.4130255929285,M pkm,Aggregated DemandPassengerTransportationIn BoundaryHome Work
TO,2039,ADEMPASTRAEXIHW,3323.050414537581,M pkm,Aggregated DemandPassengerTransportationExternal INHome Work
TO,2039,ADEMPASTRAEXOHW,3288.7446557245994,M pkm,Aggregated DemandPassengerTransportationExternal OUTHome Work
TO,2039,ADEMPASTRAINHS,2758.6090724824944,M pkm,Aggregated DemandPassengerTransportationIn BoundaryHome School
TO,2039,ADEMPASTRAEXIHS,780.8240701394132,M pkm,Aggregated DemandPassengerTransportationExternal INHome School
TO,2039,ADEMPASTRAEXOHS,772.7631746115006,M pkm,Aggregated DemandPassengerTransportationExternal OUTHome School
TO,2039,ADEMPASTRAINHO,3270.891475402296,M pkm,Aggregated DemandPassengerTransportationIn BoundaryHome Other
TO,2039,ADEMPASTRAEXIHO,2428.12566755917,M pkm,Aggregated DemandPassengerTransportationExternal INHome Other
TO,2039,ADEMPASTRAEXOHO,2403.058731121948,M pkm,Aggregated DemandPassengerTransportationExternal OUTHome Other
TO,2039,ADEMPASTRAINNH,1578.2645452670702,M pkm,Aggregated DemandPassengerTransportationIn BoundaryNon Home based
TO,2039,ADEMPASTRAEXINH,1171.6147360377458,M pkm,Aggregated DemandPassengerTransportationExternal INNon Home based
TO,2039,ADEMPASTRAEXONH,1159.5194839222765,M pkm,Aggregated DemandPassengerTransportationExternal OUTNon Home based
TO,2040,ADEMPASTRAINHW,6987.009442034948,M pkm,Aggregated DemandPassengerTransportationIn BoundaryHome Work
TO,2040,ADEMPASTRAEXIHW,3347.351448359821,M pkm,Aggregated DemandPassengerTransportationExternal INHome Work
TO,2040,ADEMPASTRAEXOHW,3312.794816011618,M pkm,Aggregated DemandPassengerTransportationExternal OUTHome Work
TO,2040,ADEMPASTRAINHS,2763.5913682757337,M pkm,Aggregated DemandPassengerTransportationIn BoundaryHome School
TO,2040,ADEMPASTRAEXIHS,786.5341346195264,M pkm,Aggregated DemandPassengerTransportationExternal INHome School
TO,2040,ADEMPASTRAEXOHS,778.4142908150532,M pkm,Aggregated DemandPassengerTransportationExternal OUTHome School
TO,2040,ADEMPASTRAINHO,3276.798999233997,M pkm,Aggregated DemandPassengerTransportationIn BoundaryHome Other
TO,2040,ADEMPASTRAEXIHO,2445.882233548619,M pkm,Aggregated DemandPassengerTransportationExternal INHome Other
TO,2040,ADEMPASTRAEXOHO,2420.631985877985,M pkm,Aggregated DemandPassengerTransportationExternal OUTHome Other
TO,2040,ADEMPASTRAINNH,1581.115032812747,M pkm,Aggregated DemandPassengerTransportationIn BoundaryNon Home based
TO,2040,ADEMPASTRAEXINH,1180.1826016357313,M pkm,Aggregated DemandPassengerTransportationExternal INNon Home based
TO,2040,ADEMPASTRAEXONH,1167.9988985207042,M pkm,Aggregated DemandPassengerTransportationExternal OUTNon Home based
TO,2041,ADEMPASTRAINHW,6998.804654370105,M pkm,Aggregated DemandPassengerTransportationIn BoundaryHome Work
TO,2041,ADEMPASTRAEXIHW,3372.0234704465097,M pkm,Aggregated DemandPassengerTransportationExternal INHome Work
TO,2041,ADEMPASTRAEXOHW,3337.212134638067,M pkm,Aggregated DemandPassengerTransportationExternal OUTHome Work
TO,2041,ADEMPASTRAINHS,2768.256761569796,M pkm,Aggregated DemandPassengerTransportationIn BoundaryHome School
TO,2041,ADEMPASTRAEXIHS,792.3313709840486,M pkm,Aggregated DemandPassengerTransportationExternal INHome School
TO,2041,ADEMPASTRAEXOHS,784.151678977564,M pkm,Aggregated DemandPassengerTransportationExternal OUTHome School
TO,2041,ADEMPASTRAINHO,3282.330770773201,M pkm,Aggregated DemandPassengerTransportationIn BoundaryHome Other
TO,2041,ADEMPASTRAEXIHO,2463.909877618416,M pkm,Aggregated DemandPassengerTransportationExternal INHome Other
TO,2041,ADEMPASTRAEXOHO,2438.473520219588,M pkm,Aggregated DemandPassengerTransportationExternal OUTHome Other
TO,2041,ADEMPASTRAINNH,1583.7842130525985,M pkm,Aggregated DemandPassengerTransportationIn BoundaryNon Home based
TO,2041,ADEMPASTRAEXINH,1188.8812673310078,M pkm,Aggregated DemandPassengerTransportationExternal INNon Home based
TO,2041,ADEMPASTRAEXONH,1176.6077628918629,M pkm,Aggregated DemandPassengerTransportationExternal OUTNon Home based
TO,2042,ADEMPASTRAINHW,7018.447672267489,M pkm,Aggregated DemandPassengerTransportationIn BoundaryHome Work
TO,2042,ADEMPASTRAEXIHW,3396.7940190341037,M pkm,Aggregated DemandPassengerTransportationExternal INHome Work
TO,2042,ADEMPASTRAEXOHW,3361.72696261974,M pkm,Aggregated DemandPassengerTransportationExternal OUTHome Work
TO,2042,ADEMPASTRAINHS,2776.0262193268595,M pkm,Aggregated DemandPassengerTransportationIn BoundaryHome School
TO,2042,ADEMPASTRAEXIHS,798.1517583254915,M pkm,Aggregated DemandPassengerTransportationExternal INHome School
TO,2042,ADEMPASTRAEXOHS,789.9119791161586,M pkm,Aggregated DemandPassengerTransportationExternal OUTHome School
TO,2042,ADEMPASTRAINHO,3291.5430413335994,M pkm,Aggregated DemandPassengerTransportationIn BoundaryHome Other
TO,2042,ADEMPASTRAEXIHO,2482.009514193875,M pkm,Aggregated DemandPassengerTransportationExternal INHome Other
TO,2042,ADEMPASTRAEXOHO,2456.3863038468508,M pkm,Aggregated DemandPassengerTransportationExternal OUTHome Other
TO,2042,ADEMPASTRAINNH,1588.2293009181615,M pkm,Aggregated DemandPassengerTransportationIn BoundaryNon Home based
TO,2042,ADEMPASTRAEXINH,1197.6146707178484,M pkm,Aggregated DemandPassengerTransportationExternal INNon Home based
TO,2042,ADEMPASTRAEXONH,1185.2510063374352,M pkm,Aggregated DemandPassengerTransportationExternal OUTNon Home based
TO,2043,ADEMPASTRAINHW,7037.421514062482,M pkm,Aggregated DemandPassengerTransportationIn BoundaryHome Work
TO,2043,ADEMPASTRAEXIHW,3421.167000582884,M pkm,Aggregated DemandPassengerTransportationExternal INHome Work
TO,2043,ADEMPASTRAEXOHW,3385.8483278755784,M pkm,Aggregated DemandPassengerTransportationExternal OUTHome Work
TO,2043,ADEMPASTRAINHS,2783.5309959902784,M pkm,Aggregated DemandPassengerTransportationIn BoundaryHome School
TO,2043,ADEMPASTRAEXIHS,803.878728512611,M pkm,Aggregated DemandPassengerTransportationExternal INHome School
TO,2043,ADEMPASTRAEXOHS,795.57982649939,M pkm,Aggregated DemandPassengerTransportationExternal OUTHome School
TO,2043,ADEMPASTRAINHO,3300.441478686698,M pkm,Aggregated DemandPassengerTransportationIn BoundaryHome Other
TO,2043,ADEMPASTRAEXIHO,2499.8186517966747,M pkm,Aggregated DemandPassengerTransportationExternal INHome Other
TO,2043,ADEMPASTRAEXOHO,2474.0115874892663,M pkm,Aggregated DemandPassengerTransportationExternal OUTHome Other
TO,2043,ADEMPASTRAINNH,1592.5229585611282,M pkm,Aggregated DemandPassengerTransportationIn BoundaryNon Home based
TO,2043,ADEMPASTRAEXINH,1206.2079030741204,M pkm,Aggregated DemandPassengerTransportationExternal INNon Home based
TO,2043,ADEMPASTRAEXONH,1193.7555258185282,M pkm,Aggregated DemandPassengerTransportationExternal OUTNon Home based
TO,2044,ADEMPASTRAINHW,7055.934915966872,M pkm,Aggregated DemandPassengerTransportationIn BoundaryHome Work
TO,2044,ADEMPASTRAEXIHW,3444.7455898475946,M pkm,Aggregated DemandPassengerTransportationExternal INHome Work
TO,2044,ADEMPASTRAEXOHW,3409.183501815343,M pkm,Aggregated DemandPassengerTransportationExternal OUTHome Work
TO,2044,ADEMPASTRAINHS,2790.853653577169,M pkm,Aggregated DemandPassengerTransportationIn BoundaryHome School
TO,2044,ADEMPASTRAEXIHS,809.4190386918589,M pkm,Aggregated DemandPassengerTransportationExternal INHome School
TO,2044,ADEMPASTRAEXOHS,801.0629408732639,M pkm,Aggregated DemandPassengerTransportationExternal OUTHome School
TO,2044,ADEMPASTRAINHO,3309.1239768765176,M pkm,Aggregated DemandPassengerTransportationIn BoundaryHome Other
TO,2044,ADEMPASTRAEXIHO,2517.0473334766198,M pkm,Aggregated DemandPassengerTransportationExternal INHome Other
TO,2044,ADEMPASTRAEXOHO,2491.062407588842,M pkm,Aggregated DemandPassengerTransportationExternal OUTHome Other
TO,2044,ADEMPASTRAINNH,1596.7124216357636,M pkm,Aggregated DemandPassengerTransportationIn BoundaryNon Home based
TO,2044,ADEMPASTRAEXINH,1214.521054904939,M pkm,Aggregated DemandPassengerTransportationExternal INNon Home based
TO,2044,ADEMPASTRAEXONH,1201.982856206363,M pkm,Aggregated DemandPassengerTransportationExternal OUTNon Home based
TO,2045,ADEMPASTRAINHW,7074.238169203783,M pkm,Aggregated DemandPassengerTransportationIn BoundaryHome Work
TO,2045,ADEMPASTRAEXIHW,3467.3007162151034,M pkm,Aggregated DemandPassengerTransportationExternal INHome Work
TO,2045,ADEMPASTRAEXOHW,3431.505778653463,M pkm,Aggregated DemandPassengerTransportationExternal OUTHome Work
TO,2045,ADEMPASTRAINHS,2798.093190474397,M pkm,Aggregated DemandPassengerTransportationIn BoundaryHome School
TO,2045,ADEMPASTRAEXIHS,814.7188636646431,M pkm,Aggregated DemandPassengerTransportationExternal INHome School
TO,2045,ADEMPASTRAEXOHS,806.30805270764,M pkm,Aggregated DemandPassengerTransportationExternal OUTHome School
TO,2045,ADEMPASTRAINHO,3317.707918602517,M pkm,Aggregated DemandPassengerTransportationIn BoundaryHome Other
TO,2045,ADEMPASTRAEXIHO,2533.528179216545,M pkm,Aggregated DemandPassengerTransportationExternal INHome Other
TO,2045,ADEMPASTRAEXOHO,2507.3731120885036,M pkm,Aggregated DemandPassengerTransportationExternal OUTHome Other
TO,2045,ADEMPASTRAINNH,1600.8543294265496,M pkm,Aggregated DemandPassengerTransportationIn BoundaryNon Home based
TO,2045,ADEMPASTRAEXINH,1222.4733623119407,M pkm,Aggregated DemandPassengerTransportationExternal INNon Home based
TO,2045,ADEMPASTRAEXONH,1209.8530673747046,M pkm,Aggregated DemandPassengerTransportationExternal OUTNon Home based
TO,2046,ADEMPASTRAINHW,7092.617260401988,M pkm,Aggregated DemandPassengerTransportationIn BoundaryHome Work
TO,2046,ADEMPASTRAEXIHW,3488.8898636165504,M pkm,Aggregated DemandPassengerTransportationExternal INHome Work
TO,2046,ADEMPASTRAEXOHW,3452.872048881428,M pkm,Aggregated DemandPassengerTransportationExternal OUTHome Work
TO,2046,ADEMPASTRAINHS,2805.362723772368,M pkm,Aggregated DemandPassengerTransportationIn BoundaryHome School
TO,2046,ADEMPASTRAEXIHS,819.7917105498697,M pkm,Aggregated DemandPassengerTransportationExternal INHome School
TO,2046,ADEMPASTRAEXOHS,811.3285296796753,M pkm,Aggregated DemandPassengerTransportationExternal OUTHome School
TO,2046,ADEMPASTRAINHO,3326.327427155459,M pkm,Aggregated DemandPassengerTransportationIn BoundaryHome Other
TO,2046,ADEMPASTRAEXIHO,2549.3031920531976,M pkm,Aggregated DemandPassengerTransportationExternal INHome Other
TO,2046,ADEMPASTRAEXOHO,2522.9852704035156,M pkm,Aggregated DemandPassengerTransportationExternal OUTHome Other
TO,2046,ADEMPASTRAINNH,1605.0133988573266,M pkm,Aggregated DemandPassengerTransportationIn BoundaryNon Home based
TO,2046,ADEMPASTRAEXINH,1230.085092523246,M pkm,Aggregated DemandPassengerTransportationExternal INNon Home based
TO,2046,ADEMPASTRAEXONH,1217.3862173214327,M pkm,Aggregated DemandPassengerTransportationExternal OUTNon Home based
TO,2047,ADEMPASTRAINHW,7111.357710143828,M pkm,Aggregated DemandPassengerTransportationIn BoundaryHome Work
TO,2047,ADEMPASTRAEXIHW,3509.732584081446,M pkm,Aggregated DemandPassengerTransportationExternal INHome Work
TO,2047,ADEMPASTRAEXOHW,3473.4995979669948,M pkm,Aggregated DemandPassengerTransportationExternal OUTHome Work
TO,2047,ADEMPASTRAINHS,2812.7751862248406,M pkm,Aggregated DemandPassengerTransportationIn BoundaryHome School
TO,2047,ADEMPASTRAEXIHS,824.6891679447322,M pkm,Aggregated DemandPassengerTransportationExternal INHome School
TO,2047,ADEMPASTRAEXOHS,816.1754278078321,M pkm,Aggregated DemandPassengerTransportationExternal OUTHome School
TO,2047,ADEMPASTRAINHO,3335.116407257563,M pkm,Aggregated DemandPassengerTransportationIn BoundaryHome Other
TO,2047,ADEMPASTRAEXIHO,2564.5327968528036,M pkm,Aggregated DemandPassengerTransportationExternal INHome Other
TO,2047,ADEMPASTRAEXOHO,2538.0576512420325,M pkm,Aggregated DemandPassengerTransportationExternal OUTHome Other
TO,2047,ADEMPASTRAINNH,1609.2542413886435,M pkm,Aggregated DemandPassengerTransportationIn BoundaryNon Home based
TO,2047,ADEMPASTRAEXINH,1237.4336534505667,M pkm,Aggregated DemandPassengerTransportationExternal INNon Home based
TO,2047,ADEMPASTRAEXONH,1224.658914831908,M pkm,Aggregated DemandPassengerTransportationExternal OUTNon Home based
TO,2048,ADEMPASTRAINHW,7130.638059642731,M pkm,Aggregated DemandPassengerTransportationIn BoundaryHome Work
TO,2048,ADEMPASTRAEXIHW,3529.905769958637,M pkm,Aggregated DemandPassengerTransportationExternal INHome Work
TO,2048,ADEMPASTRAEXOHW,3493.4645244551116,M pkm,Aggregated DemandPassengerTransportationExternal OUTHome Work
TO,2048,ADEMPASTRAINHS,2820.4011967368556,M pkm,Aggregated DemandPassengerTransportationIn BoundaryHome School
TO,2048,ADEMPASTRAEXIHS,829.4293034044281,M pkm,Aggregated DemandPassengerTransportationExternal INHome School
TO,2048,ADEMPASTRAEXOHS,820.8666281255543,M pkm,Aggregated DemandPassengerTransportationExternal OUTHome School
TO,2048,ADEMPASTRAINHO,3344.1585919672043,M pkm,Aggregated DemandPassengerTransportationIn BoundaryHome Other
TO,2048,ADEMPASTRAEXIHO,2579.273178223654,M pkm,Aggregated DemandPassengerTransportationExternal INHome Other
TO,2048,ADEMPASTRAEXOHO,2552.645859186351,M pkm,Aggregated DemandPassengerTransportationExternal OUTHome Other
TO,2048,ADEMPASTRAINNH,1613.6172597419893,M pkm,Aggregated DemandPassengerTransportationIn BoundaryNon Home based
TO,2048,ADEMPASTRAEXINH,1244.54615518787,M pkm,Aggregated DemandPassengerTransportationExternal INNon Home based
TO,2048,ADEMPASTRAEXONH,1231.6979901270215,M pkm,Aggregated DemandPassengerTransportationExternal OUTNon Home based
TO,2049,ADEMPASTRAINHW,7150.563238302787,M pkm,Aggregated DemandPassengerTransportationIn BoundaryHome Work
TO,2049,ADEMPASTRAEXIHW,3549.784613048688,M pkm,Aggregated DemandPassengerTransportationExternal INHome Work
TO,2049,ADEMPASTRAEXOHW,3513.1381468258064,M pkm,Aggregated DemandPassengerTransportationExternal OUTHome Work
TO,2049,ADEMPASTRAINHS,2828.2822583288157,M pkm,Aggregated DemandPassengerTransportationIn BoundaryHome School
TO,2049,ADEMPASTRAEXIHS,834.100276526994,M pkm,Aggregated DemandPassengerTransportationExternal INHome School
TO,2049,ADEMPASTRAEXOHS,825.4893801086924,M pkm,Aggregated DemandPassengerTransportationExternal OUTHome School
TO,2049,ADEMPASTRAINHO,3353.5031915465365,M pkm,Aggregated DemandPassengerTransportationIn BoundaryHome Other
TO,2049,ADEMPASTRAEXIHO,2593.7984857354427,M pkm,Aggregated DemandPassengerTransportationExternal INHome Other
TO,2049,ADEMPASTRAEXOHO,2567.021213602633,M pkm,Aggregated DemandPassengerTransportationExternal OUTHome Other
TO,2049,ADEMPASTRAINNH,1618.126198762647,M pkm,Aggregated DemandPassengerTransportationIn BoundaryNon Home based
TO,2049,ADEMPASTRAEXINH,1251.5548798818427,M pkm,Aggregated DemandPassengerTransportationExternal INNon Home based
TO,2049,ADEMPASTRAEXONH,1238.634359728852,M pkm,Aggregated DemandPassengerTransportationExternal OUTNon Home based
TO,2050,ADEMPASTRAINHW,7171.15954691932,M pkm,Aggregated DemandPassengerTransportationIn BoundaryHome Work
TO,2050,ADEMPASTRAEXIHW,3569.2767675991026,M pkm,Aggregated DemandPassengerTransportationExternal INHome Work
TO,2050,ADEMPASTRAEXOHW,3532.4290726648464,M pkm,Aggregated DemandPassengerTransportationExternal OUTHome Work
TO,2050,ADEMPASTRAINHS,2836.4287738277862,M pkm,Aggregated DemandPassengerTransportationIn BoundaryHome School
TO,2050,ADEMPASTRAEXIHS,838.6803886388227,M pkm,Aggregated DemandPassengerTransportationExternal INHome School
TO,2050,ADEMPASTRAEXOHS,830.022209091515,M pkm,Aggregated DemandPassengerTransportationExternal OUTHome School
TO,2050,ADEMPASTRAINHO,3363.1625406604135,M pkm,Aggregated DemandPassengerTransportationIn BoundaryHome Other
TO,2050,ADEMPASTRAEXIHO,2608.041243104647,M pkm,Aggregated DemandPassengerTransportationExternal INHome Other
TO,2050,ADEMPASTRAEXOHO,2581.116934803803,M pkm,Aggregated DemandPassengerTransportationExternal OUTHome Other
TO,2050,ADEMPASTRAINNH,1622.7870101504395,M pkm,Aggregated DemandPassengerTransportationIn BoundaryNon Home based
TO,2050,ADEMPASTRAEXINH,1258.427269000131,M pkm,Aggregated DemandPassengerTransportationExternal INNon Home based
TO,2050,ADEMPASTRAEXONH,1245.4358012254822,M pkm,Aggregated DemandPassengerTransportationExternal OUTNon Home based
