regions,input_comm,tech,vintage,output_comm,efficiency,eff_notes
TO,ADEMPASTRAINHWRAIREG,PASTRAINHW,2015,ADEMPASTRAINHW,1.0,PassengerTransportationIn BoundaryHome Work
TO,ADEMPASTRAINHWRAISUB,PASTRAINHW,2015,ADEMPASTRAINHW,1.0,PassengerTransportationIn BoundaryHome Work
TO,ADEMPASTRAINHWRAITRM,PASTRAINHW,2015,ADEMPASTRAINHW,1.0,PassengerTransportationIn BoundaryHome Work
TO,ADEMPASTRAINHWROABUS,PASTRAINHW,2015,ADEMPASTRAINHW,1.0,PassengerTransportationIn BoundaryHome Work
TO,ADEMPASTRAINHWROACAR,PASTRAINHW,2015,ADEMPASTRAINHW,1.0,PassengerTransportationIn BoundaryHome Work
TO,ADEMPASTRAINHWROATRU,PASTRAINHW,2015,ADEMPASTRAINHW,1.0,PassengerTransportationIn BoundaryHome Work
TO,ADEMPASTRAINHWROAMOR,PASTRAINHW,2015,ADEMPASTRAINHW,1.0,PassengerTransportationIn BoundaryHome Work
TO,ADEMPASTRAINHWROAWAL,PASTRAINHW,2015,ADEMPASTRAINHW,1.0,PassengerTransportationIn BoundaryHome Work
TO,ADEMPASTRAINHWROABIK,PASTRAINHW,2015,ADEMPASTRAINHW,1.0,PassengerTransportationIn BoundaryHome Work
TO,ADEMPASTRAINHSRAIREG,PASTRAINHS,2015,ADEMPASTRAINHS,1.0,PassengerTransportationIn BoundaryHome School
TO,ADEMPASTRAINHSRAISUB,PASTRAINHS,2015,ADEMPASTRAINHS,1.0,PassengerTransportationIn BoundaryHome School
TO,ADEMPASTRAINHSRAITRM,PASTRAINHS,2015,ADEMPASTRAINHS,1.0,PassengerTransportationIn BoundaryHome School
TO,ADEMPASTRAINHSROABUS,PASTRAINHS,2015,ADEMPASTRAINHS,1.0,PassengerTransportationIn BoundaryHome School
TO,ADEMPASTRAINHSROACAR,PASTRAINHS,2015,ADEMPASTRAINHS,1.0,PassengerTransportationIn BoundaryHome School
TO,ADEMPASTRAINHSROATRU,PASTRAINHS,2015,ADEMPASTRAINHS,1.0,PassengerTransportationIn BoundaryHome School
TO,ADEMPASTRAINHSROAMOR,PASTRAINHS,2015,ADEMPASTRAINHS,1.0,PassengerTransportationIn BoundaryHome School
TO,ADEMPASTRAINHSROAWAL,PASTRAINHS,2015,ADEMPASTRAINHS,1.0,PassengerTransportationIn BoundaryHome School
TO,ADEMPASTRAINHSROABIK,PASTRAINHS,2015,ADEMPASTRAINHS,1.0,PassengerTransportationIn BoundaryHome School
TO,ADEMPASTRAINHORAIREG,PASTRAINHO,2015,ADEMPASTRAINHO,1.0,PassengerTransportationIn BoundaryHome Other
TO,ADEMPASTRAINHORAISUB,PASTRAINHO,2015,ADEMPASTRAINHO,1.0,PassengerTransportationIn BoundaryHome Other
TO,ADEMPASTRAINHORAITRM,PASTRAINHO,2015,ADEMPASTRAINHO,1.0,PassengerTransportationIn BoundaryHome Other
TO,ADEMPASTRAINHOROABUS,PASTRAINHO,2015,ADEMPASTRAINHO,1.0,PassengerTransportationIn BoundaryHome Other
TO,ADEMPASTRAINHOROACAR,PASTRAINHO,2015,ADEMPASTRAINHO,1.0,PassengerTransportationIn BoundaryHome Other
TO,ADEMPASTRAINHOROATRU,PASTRAINHO,2015,ADEMPASTRAINHO,1.0,PassengerTransportationIn BoundaryHome Other
TO,ADEMPASTRAINHOROAMOR,PASTRAINHO,2015,ADEMPASTRAINHO,1.0,PassengerTransportationIn BoundaryHome Other
TO,ADEMPASTRAINHOROAWAL,PASTRAINHO,2015,ADEMPASTRAINHO,1.0,PassengerTransportationIn BoundaryHome Other
TO,ADEMPASTRAINHOROABIK,PASTRAINHO,2015,ADEMPASTRAINHO,1.0,PassengerTransportationIn BoundaryHome Other
TO,ADEMPASTRAINNHRAIREG,PASTRAINNH,2015,ADEMPASTRAINNH,1.0,PassengerTransportationIn BoundaryNon Home based
TO,ADEMPASTRAINNHRAISUB,PASTRAINNH,2015,ADEMPASTRAINNH,1.0,PassengerTransportationIn BoundaryNon Home based
TO,ADEMPASTRAINNHRAITRM,PASTRAINNH,2015,ADEMPASTRAINNH,1.0,PassengerTransportationIn BoundaryNon Home based
TO,ADEMPASTRAINNHROABUS,PASTRAINNH,2015,ADEMPASTRAINNH,1.0,PassengerTransportationIn BoundaryNon Home based
TO,ADEMPASTRAINNHROACAR,PASTRAINNH,2015,ADEMPASTRAINNH,1.0,PassengerTransportationIn BoundaryNon Home based
TO,ADEMPASTRAINNHROATRU,PASTRAINNH,2015,ADEMPASTRAINNH,1.0,PassengerTransportationIn BoundaryNon Home based
TO,ADEMPASTRAINNHROAMOR,PASTRAINNH,2015,ADEMPASTRAINNH,1.0,PassengerTransportationIn BoundaryNon Home based
TO,ADEMPASTRAINNHROAWAL,PASTRAINNH,2015,ADEMPASTRAINNH,1.0,PassengerTransportationIn BoundaryNon Home based
TO,ADEMPASTRAINNHROABIK,PASTRAINNH,2015,ADEMPASTRAINNH,1.0,PassengerTransportationIn BoundaryNon Home based
TO,ADEMPASTRAEXIHWRAIREG,PASTRAEXIHW,2015,ADEMPASTRAEXIHW,1.0,PassengerTransportationExternal INHome Work
TO,ADEMPASTRAEXIHWRAISUB,PASTRAEXIHW,2015,ADEMPASTRAEXIHW,1.0,PassengerTransportationExternal INHome Work
TO,ADEMPASTRAEXIHWRAITRM,PASTRAEXIHW,2015,ADEMPASTRAEXIHW,1.0,PassengerTransportationExternal INHome Work
TO,ADEMPASTRAEXIHWROABUS,PASTRAEXIHW,2015,ADEMPASTRAEXIHW,1.0,PassengerTransportationExternal INHome Work
TO,ADEMPASTRAEXIHWROACAR,PASTRAEXIHW,2015,ADEMPASTRAEXIHW,1.0,PassengerTransportationExternal INHome Work
TO,ADEMPASTRAEXIHWROATRU,PASTRAEXIHW,2015,ADEMPASTRAEXIHW,1.0,PassengerTransportationExternal INHome Work
TO,ADEMPASTRAEXIHWROAMOR,PASTRAEXIHW,2015,ADEMPASTRAEXIHW,1.0,PassengerTransportationExternal INHome Work
TO,ADEMPASTRAEXIHWROAWAL,PASTRAEXIHW,2015,ADEMPASTRAEXIHW,1.0,PassengerTransportationExternal INHome Work
TO,ADEMPASTRAEXIHWROABIK,PASTRAEXIHW,2015,ADEMPASTRAEXIHW,1.0,PassengerTransportationExternal INHome Work
TO,ADEMPASTRAEXIHSRAIREG,PASTRAEXIHS,2015,ADEMPASTRAEXIHS,1.0,PassengerTransportationExternal INHome School
TO,ADEMPASTRAEXIHSRAISUB,PASTRAEXIHS,2015,ADEMPASTRAEXIHS,1.0,PassengerTransportationExternal INHome School
TO,ADEMPASTRAEXIHSRAITRM,PASTRAEXIHS,2015,ADEMPASTRAEXIHS,1.0,PassengerTransportationExternal INHome School
TO,ADEMPASTRAEXIHSROABUS,PASTRAEXIHS,2015,ADEMPASTRAEXIHS,1.0,PassengerTransportationExternal INHome School
TO,ADEMPASTRAEXIHSROACAR,PASTRAEXIHS,2015,ADEMPASTRAEXIHS,1.0,PassengerTransportationExternal INHome School
TO,ADEMPASTRAEXIHSROATRU,PASTRAEXIHS,2015,ADEMPASTRAEXIHS,1.0,PassengerTransportationExternal INHome School
TO,ADEMPASTRAEXIHSROAMOR,PASTRAEXIHS,2015,ADEMPASTRAEXIHS,1.0,PassengerTransportationExternal INHome School
TO,ADEMPASTRAEXIHSROAWAL,PASTRAEXIHS,2015,ADEMPASTRAEXIHS,1.0,PassengerTransportationExternal INHome School
TO,ADEMPASTRAEXIHSROABIK,PASTRAEXIHS,2015,ADEMPASTRAEXIHS,1.0,PassengerTransportationExternal INHome School
TO,ADEMPASTRAEXIHORAIREG,PASTRAEXIHO,2015,ADEMPASTRAEXIHO,1.0,PassengerTransportationExternal INHome Other
TO,ADEMPASTRAEXIHORAISUB,PASTRAEXIHO,2015,ADEMPASTRAEXIHO,1.0,PassengerTransportationExternal INHome Other
TO,ADEMPASTRAEXIHORAITRM,PASTRAEXIHO,2015,ADEMPASTRAEXIHO,1.0,PassengerTransportationExternal INHome Other
TO,ADEMPASTRAEXIHOROABUS,PASTRAEXIHO,2015,ADEMPASTRAEXIHO,1.0,PassengerTransportationExternal INHome Other
TO,ADEMPASTRAEXIHOROACAR,PASTRAEXIHO,2015,ADEMPASTRAEXIHO,1.0,PassengerTransportationExternal INHome Other
TO,ADEMPASTRAEXIHOROATRU,PASTRAEXIHO,2015,ADEMPASTRAEXIHO,1.0,PassengerTransportationExternal INHome Other
TO,ADEMPASTRAEXIHOROAMOR,PASTRAEXIHO,2015,ADEMPASTRAEXIHO,1.0,PassengerTransportationExternal INHome Other
TO,ADEMPASTRAEXIHOROAWAL,PASTRAEXIHO,2015,ADEMPASTRAEXIHO,1.0,PassengerTransportationExternal INHome Other
TO,ADEMPASTRAEXIHOROABIK,PASTRAEXIHO,2015,ADEMPASTRAEXIHO,1.0,PassengerTransportationExternal INHome Other
TO,ADEMPASTRAEXINHRAIREG,PASTRAEXINH,2015,ADEMPASTRAEXINH,1.0,PassengerTransportationExternal INNon Home based
TO,ADEMPASTRAEXINHRAISUB,PASTRAEXINH,2015,ADEMPASTRAEXINH,1.0,PassengerTransportationExternal INNon Home based
TO,ADEMPASTRAEXINHRAITRM,PASTRAEXINH,2015,ADEMPASTRAEXINH,1.0,PassengerTransportationExternal INNon Home based
TO,ADEMPASTRAEXINHROABUS,PASTRAEXINH,2015,ADEMPASTRAEXINH,1.0,PassengerTransportationExternal INNon Home based
TO,ADEMPASTRAEXINHROACAR,PASTRAEXINH,2015,ADEMPASTRAEXINH,1.0,PassengerTransportationExternal INNon Home based
TO,ADEMPASTRAEXINHROATRU,PASTRAEXINH,2015,ADEMPASTRAEXINH,1.0,PassengerTransportationExternal INNon Home based
TO,ADEMPASTRAEXINHROAMOR,PASTRAEXINH,2015,ADEMPASTRAEXINH,1.0,PassengerTransportationExternal INNon Home based
TO,ADEMPASTRAEXINHROAWAL,PASTRAEXINH,2015,ADEMPASTRAEXINH,1.0,PassengerTransportationExternal INNon Home based
TO,ADEMPASTRAEXINHROABIK,PASTRAEXINH,2015,ADEMPASTRAEXINH,1.0,PassengerTransportationExternal INNon Home based
TO,ADEMPASTRAEXOHWRAIREG,PASTRAEXOHW,2015,ADEMPASTRAEXOHW,1.0,PassengerTransportationExternal OUTHome Work
TO,ADEMPASTRAEXOHWRAISUB,PASTRAEXOHW,2015,ADEMPASTRAEXOHW,1.0,PassengerTransportationExternal OUTHome Work
TO,ADEMPASTRAEXOHWRAITRM,PASTRAEXOHW,2015,ADEMPASTRAEXOHW,1.0,PassengerTransportationExternal OUTHome Work
TO,ADEMPASTRAEXOHWROABUS,PASTRAEXOHW,2015,ADEMPASTRAEXOHW,1.0,PassengerTransportationExternal OUTHome Work
TO,ADEMPASTRAEXOHWROACAR,PASTRAEXOHW,2015,ADEMPASTRAEXOHW,1.0,PassengerTransportationExternal OUTHome Work
TO,ADEMPASTRAEXOHWROATRU,PASTRAEXOHW,2015,ADEMPASTRAEXOHW,1.0,PassengerTransportationExternal OUTHome Work
TO,ADEMPASTRAEXOHWROAMOR,PASTRAEXOHW,2015,ADEMPASTRAEXOHW,1.0,PassengerTransportationExternal OUTHome Work
TO,ADEMPASTRAEXOHWROAWAL,PASTRAEXOHW,2015,ADEMPASTRAEXOHW,1.0,PassengerTransportationExternal OUTHome Work
TO,ADEMPASTRAEXOHWROABIK,PASTRAEXOHW,2015,ADEMPASTRAEXOHW,1.0,PassengerTransportationExternal OUTHome Work
TO,ADEMPASTRAEXOHSRAIREG,PASTRAEXOHS,2015,ADEMPASTRAEXOHS,1.0,PassengerTransportationExternal OUTHome School
TO,ADEMPASTRAEXOHSRAISUB,PASTRAEXOHS,2015,ADEMPASTRAEXOHS,1.0,PassengerTransportationExternal OUTHome School
TO,ADEMPASTRAEXOHSRAITRM,PASTRAEXOHS,2015,ADEMPASTRAEXOHS,1.0,PassengerTransportationExternal OUTHome School
TO,ADEMPASTRAEXOHSROABUS,PASTRAEXOHS,2015,ADEMPASTRAEXOHS,1.0,PassengerTransportationExternal OUTHome School
TO,ADEMPASTRAEXOHSROACAR,PASTRAEXOHS,2015,ADEMPASTRAEXOHS,1.0,PassengerTransportationExternal OUTHome School
TO,ADEMPASTRAEXOHSROATRU,PASTRAEXOHS,2015,ADEMPASTRAEXOHS,1.0,PassengerTransportationExternal OUTHome School
TO,ADEMPASTRAEXOHSROAMOR,PASTRAEXOHS,2015,ADEMPASTRAEXOHS,1.0,PassengerTransportationExternal OUTHome School
TO,ADEMPASTRAEXOHSROAWAL,PASTRAEXOHS,2015,ADEMPASTRAEXOHS,1.0,PassengerTransportationExternal OUTHome School
TO,ADEMPASTRAEXOHSROABIK,PASTRAEXOHS,2015,ADEMPASTRAEXOHS,1.0,PassengerTransportationExternal OUTHome School
TO,ADEMPASTRAEXOHORAIREG,PASTRAEXOHO,2015,ADEMPASTRAEXOHO,1.0,PassengerTransportationExternal OUTHome Other
TO,ADEMPASTRAEXOHORAISUB,PASTRAEXOHO,2015,ADEMPASTRAEXOHO,1.0,PassengerTransportationExternal OUTHome Other
TO,ADEMPASTRAEXOHORAITRM,PASTRAEXOHO,2015,ADEMPASTRAEXOHO,1.0,PassengerTransportationExternal OUTHome Other
TO,ADEMPASTRAEXOHOROABUS,PASTRAEXOHO,2015,ADEMPASTRAEXOHO,1.0,PassengerTransportationExternal OUTHome Other
TO,ADEMPASTRAEXOHOROACAR,PASTRAEXOHO,2015,ADEMPASTRAEXOHO,1.0,PassengerTransportationExternal OUTHome Other
TO,ADEMPASTRAEXOHOROATRU,PASTRAEXOHO,2015,ADEMPASTRAEXOHO,1.0,PassengerTransportationExternal OUTHome Other
TO,ADEMPASTRAEXOHOROAMOR,PASTRAEXOHO,2015,ADEMPASTRAEXOHO,1.0,PassengerTransportationExternal OUTHome Other
TO,ADEMPASTRAEXOHOROAWAL,PASTRAEXOHO,2015,ADEMPASTRAEXOHO,1.0,PassengerTransportationExternal OUTHome Other
TO,ADEMPASTRAEXOHOROABIK,PASTRAEXOHO,2015,ADEMPASTRAEXOHO,1.0,PassengerTransportationExternal OUTHome Other
TO,ADEMPASTRAEXONHRAIREG,PASTRAEXONH,2015,ADEMPASTRAEXONH,1.0,PassengerTransportationExternal OUTNon Home based
TO,ADEMPASTRAEXONHRAISUB,PASTRAEXONH,2015,ADEMPASTRAEXONH,1.0,PassengerTransportationExternal OUTNon Home based
TO,ADEMPASTRAEXONHRAITRM,PASTRAEXONH,2015,ADEMPASTRAEXONH,1.0,PassengerTransportationExternal OUTNon Home based
TO,ADEMPASTRAEXONHROABUS,PASTRAEXONH,2015,ADEMPASTRAEXONH,1.0,PassengerTransportationExternal OUTNon Home based
TO,ADEMPASTRAEXONHROACAR,PASTRAEXONH,2015,ADEMPASTRAEXONH,1.0,PassengerTransportationExternal OUTNon Home based
TO,ADEMPASTRAEXONHROATRU,PASTRAEXONH,2015,ADEMPASTRAEXONH,1.0,PassengerTransportationExternal OUTNon Home based
TO,ADEMPASTRAEXONHROAMOR,PASTRAEXONH,2015,ADEMPASTRAEXONH,1.0,PassengerTransportationExternal OUTNon Home based
TO,ADEMPASTRAEXONHROAWAL,PASTRAEXONH,2015,ADEMPASTRAEXONH,1.0,PassengerTransportationExternal OUTNon Home based
TO,ADEMPASTRAEXONHROABIK,PASTRAEXONH,2015,ADEMPASTRAEXONH,1.0,PassengerTransportationExternal OUTNon Home based
TO,ADEMPASTRAINHWRAIREG___GOR,PASTRAINHWRAIREG,2015,ADEMPASTRAINHWRAIREG,1.0,PassengerTransportationIn BoundaryHome WorkRailRegional
TO,ADEMPASTRAINHWRAIREG___UPX,PASTRAINHWRAIREG,2015,ADEMPASTRAINHWRAIREG,1.0,PassengerTransportationIn BoundaryHome WorkRailRegional
TO,ADEMPASTRAINHWRAISUB___TSU,PASTRAINHWRAISUB,2015,ADEMPASTRAINHWRAISUB,1.0,PassengerTransportationIn BoundaryHome WorkRailSubway
TO,ADEMPASTRAINHWRAITRM___TST,PASTRAINHWRAITRM,2015,ADEMPASTRAINHWRAITRM,1.0,PassengerTransportationIn BoundaryHome WorkRailTramway
TO,ADEMPASTRAINHWROABUSIUBGOB,PASTRAINHWROABUS,2015,ADEMPASTRAINHWROABUS,1.0,PassengerTransportationIn BoundaryHome WorkRoadInter-city Buses
TO,ADEMPASTRAINHWROABUSURBTBU,PASTRAINHWROABUS,2015,ADEMPASTRAINHWROABUS,1.0,PassengerTransportationIn BoundaryHome WorkRoadInter-city Buses
TO,ADEMPASTRAINHWROABUSURBWTB,PASTRAINHWROABUS,2015,ADEMPASTRAINHWROABUS,1.0,PassengerTransportationIn BoundaryHome WorkRoadInter-city Buses
TO,ADEMPASTRAINHWROABUSIUBMWAY,PASTRAINHWROABUS,2015,ADEMPASTRAINHWROABUS,1.0,PassengerTransportationIn BoundaryHome WorkRoadInter-city Buses
TO,ADEMPASTRAINHWROABUSIUBVIVA,PASTRAINHWROABUS,2015,ADEMPASTRAINHWROABUS,1.0,PassengerTransportationIn BoundaryHome WorkRoadInter-city Buses
TO,ADEMPASTRAINHWROABUSIUBDURT,PASTRAINHWROABUS,2015,ADEMPASTRAINHWROABUS,1.0,PassengerTransportationIn BoundaryHome WorkRoadInter-city Buses
TO,ADEMPASTRAINHWROABUSSCB___,PASTRAINHWROABUS,2015,ADEMPASTRAINHWROABUS,1.0,PassengerTransportationIn BoundaryHome WorkRoadInter-city Buses
TO,ADEMPASTRAINHWROACAR___RSH,PASTRAINHWROACAR,2015,ADEMPASTRAINHWROACAR,1.0,PassengerTransportationIn BoundaryHome WorkRoadCars
TO,ADEMPASTRAINHWROACAR___TAX,PASTRAINHWROACAR,2015,ADEMPASTRAINHWROACAR,1.0,PassengerTransportationIn BoundaryHome WorkRoadCars
TO,ADEMPASTRAINHWROACAR___ADR,PASTRAINHWROACAR,2015,ADEMPASTRAINHWROACAR,1.0,PassengerTransportationIn BoundaryHome WorkRoadCars
TO,ADEMPASTRAINHWROACAR___APG,PASTRAINHWROACAR,2015,ADEMPASTRAINHWROACAR,1.0,PassengerTransportationIn BoundaryHome WorkRoadCars
TO,ADEMPASTRAINHWROATRULGTRSH,PASTRAINHWROATRU,2015,ADEMPASTRAINHWROATRU,1.0,PassengerTransportationIn BoundaryHome WorkRoadTruck
TO,ADEMPASTRAINHWROATRULGTTAX,PASTRAINHWROATRU,2015,ADEMPASTRAINHWROATRU,1.0,PassengerTransportationIn BoundaryHome WorkRoadTruck
TO,ADEMPASTRAINHWROATRULGTADR,PASTRAINHWROATRU,2015,ADEMPASTRAINHWROATRU,1.0,PassengerTransportationIn BoundaryHome WorkRoadTruck
TO,ADEMPASTRAINHWROATRULGTAPG,PASTRAINHWROATRU,2015,ADEMPASTRAINHWROATRU,1.0,PassengerTransportationIn BoundaryHome WorkRoadTruck
TO,ADEMPASTRAINHWROAMOR______,PASTRAINHWROAMOR,2015,ADEMPASTRAINHWROAMOR,1.0,PassengerTransportationIn BoundaryHome WorkRoadMotorcycles
TO,ADEMPASTRAINHWROAWAL______,PASTRAINHWROAWAL,2015,ADEMPASTRAINHWROAWAL,1.0,PassengerTransportationIn BoundaryHome WorkRoadWalk
TO,ADEMPASTRAINHWROABIK______,PASTRAINHWROABIK,2015,ADEMPASTRAINHWROABIK,1.0,PassengerTransportationIn BoundaryHome WorkRoadBicycle
TO,ADEMPASTRAINHSRAIREG___GOR,PASTRAINHSRAIREG,2015,ADEMPASTRAINHSRAIREG,1.0,PassengerTransportationIn BoundaryHome SchoolRailRegional
TO,ADEMPASTRAINHSRAIREG___UPX,PASTRAINHSRAIREG,2015,ADEMPASTRAINHSRAIREG,1.0,PassengerTransportationIn BoundaryHome SchoolRailRegional
TO,ADEMPASTRAINHSRAISUB___TSU,PASTRAINHSRAISUB,2015,ADEMPASTRAINHSRAISUB,1.0,PassengerTransportationIn BoundaryHome SchoolRailSubway
TO,ADEMPASTRAINHSRAITRM___TST,PASTRAINHSRAITRM,2015,ADEMPASTRAINHSRAITRM,1.0,PassengerTransportationIn BoundaryHome SchoolRailTramway
TO,ADEMPASTRAINHSROABUSIUBGOB,PASTRAINHSROABUS,2015,ADEMPASTRAINHSROABUS,1.0,PassengerTransportationIn BoundaryHome SchoolRoadInter-city Buses
TO,ADEMPASTRAINHSROABUSURBTBU,PASTRAINHSROABUS,2015,ADEMPASTRAINHSROABUS,1.0,PassengerTransportationIn BoundaryHome SchoolRoadInter-city Buses
TO,ADEMPASTRAINHSROABUSURBWTB,PASTRAINHSROABUS,2015,ADEMPASTRAINHSROABUS,1.0,PassengerTransportationIn BoundaryHome SchoolRoadInter-city Buses
TO,ADEMPASTRAINHSROABUSIUBMWAY,PASTRAINHSROABUS,2015,ADEMPASTRAINHSROABUS,1.0,PassengerTransportationIn BoundaryHome SchoolRoadInter-city Buses
TO,ADEMPASTRAINHSROABUSIUBVIVA,PASTRAINHSROABUS,2015,ADEMPASTRAINHSROABUS,1.0,PassengerTransportationIn BoundaryHome SchoolRoadInter-city Buses
TO,ADEMPASTRAINHSROABUSIUBDURT,PASTRAINHSROABUS,2015,ADEMPASTRAINHSROABUS,1.0,PassengerTransportationIn BoundaryHome SchoolRoadInter-city Buses
TO,ADEMPASTRAINHSROABUSSCB___,PASTRAINHSROABUS,2015,ADEMPASTRAINHSROABUS,1.0,PassengerTransportationIn BoundaryHome SchoolRoadInter-city Buses
TO,ADEMPASTRAINHSROACAR___RSH,PASTRAINHSROACAR,2015,ADEMPASTRAINHSROACAR,1.0,PassengerTransportationIn BoundaryHome SchoolRoadCars
TO,ADEMPASTRAINHSROACAR___TAX,PASTRAINHSROACAR,2015,ADEMPASTRAINHSROACAR,1.0,PassengerTransportationIn BoundaryHome SchoolRoadCars
TO,ADEMPASTRAINHSROACAR___ADR,PASTRAINHSROACAR,2015,ADEMPASTRAINHSROACAR,1.0,PassengerTransportationIn BoundaryHome SchoolRoadCars
TO,ADEMPASTRAINHSROACAR___APG,PASTRAINHSROACAR,2015,ADEMPASTRAINHSROACAR,1.0,PassengerTransportationIn BoundaryHome SchoolRoadCars
TO,ADEMPASTRAINHSROATRULGTRSH,PASTRAINHSROATRU,2015,ADEMPASTRAINHSROATRU,1.0,PassengerTransportationIn BoundaryHome SchoolRoadTruck
TO,ADEMPASTRAINHSROATRULGTTAX,PASTRAINHSROATRU,2015,ADEMPASTRAINHSROATRU,1.0,PassengerTransportationIn BoundaryHome SchoolRoadTruck
TO,ADEMPASTRAINHSROATRULGTADR,PASTRAINHSROATRU,2015,ADEMPASTRAINHSROATRU,1.0,PassengerTransportationIn BoundaryHome SchoolRoadTruck
TO,ADEMPASTRAINHSROATRULGTAPG,PASTRAINHSROATRU,2015,ADEMPASTRAINHSROATRU,1.0,PassengerTransportationIn BoundaryHome SchoolRoadTruck
TO,ADEMPASTRAINHSROAMOR______,PASTRAINHSROAMOR,2015,ADEMPASTRAINHSROAMOR,1.0,PassengerTransportationIn BoundaryHome SchoolRoadMotorcycles
TO,ADEMPASTRAINHSROAWAL______,PASTRAINHSROAWAL,2015,ADEMPASTRAINHSROAWAL,1.0,PassengerTransportationIn BoundaryHome SchoolRoadWalk
TO,ADEMPASTRAINHSROABIK______,PASTRAINHSROABIK,2015,ADEMPASTRAINHSROABIK,1.0,PassengerTransportationIn BoundaryHome SchoolRoadBicycle
TO,ADEMPASTRAINHORAIREG___GOR,PASTRAINHORAIREG,2015,ADEMPASTRAINHORAIREG,1.0,PassengerTransportationIn BoundaryHome OtherRailRegional
TO,ADEMPASTRAINHORAIREG___UPX,PASTRAINHORAIREG,2015,ADEMPASTRAINHORAIREG,1.0,PassengerTransportationIn BoundaryHome OtherRailRegional
TO,ADEMPASTRAINHORAISUB___TSU,PASTRAINHORAISUB,2015,ADEMPASTRAINHORAISUB,1.0,PassengerTransportationIn BoundaryHome OtherRailSubway
TO,ADEMPASTRAINHORAITRM___TST,PASTRAINHORAITRM,2015,ADEMPASTRAINHORAITRM,1.0,PassengerTransportationIn BoundaryHome OtherRailTramway
TO,ADEMPASTRAINHOROABUSIUBGOB,PASTRAINHOROABUS,2015,ADEMPASTRAINHOROABUS,1.0,PassengerTransportationIn BoundaryHome OtherRoadInter-city Buses
TO,ADEMPASTRAINHOROABUSURBTBU,PASTRAINHOROABUS,2015,ADEMPASTRAINHOROABUS,1.0,PassengerTransportationIn BoundaryHome OtherRoadInter-city Buses
TO,ADEMPASTRAINHOROABUSURBWTB,PASTRAINHOROABUS,2015,ADEMPASTRAINHOROABUS,1.0,PassengerTransportationIn BoundaryHome OtherRoadInter-city Buses
TO,ADEMPASTRAINHOROABUSIUBMWAY,PASTRAINHOROABUS,2015,ADEMPASTRAINHOROABUS,1.0,PassengerTransportationIn BoundaryHome OtherRoadInter-city Buses
TO,ADEMPASTRAINHOROABUSIUBVIVA,PASTRAINHOROABUS,2015,ADEMPASTRAINHOROABUS,1.0,PassengerTransportationIn BoundaryHome OtherRoadInter-city Buses
TO,ADEMPASTRAINHOROABUSIUBDURT,PASTRAINHOROABUS,2015,ADEMPASTRAINHOROABUS,1.0,PassengerTransportationIn BoundaryHome OtherRoadInter-city Buses
TO,ADEMPASTRAINHOROABUSSCB___,PASTRAINHOROABUS,2015,ADEMPASTRAINHOROABUS,1.0,PassengerTransportationIn BoundaryHome OtherRoadInter-city Buses
TO,ADEMPASTRAINHOROACAR___RSH,PASTRAINHOROACAR,2015,ADEMPASTRAINHOROACAR,1.0,PassengerTransportationIn BoundaryHome OtherRoadCars
TO,ADEMPASTRAINHOROACAR___TAX,PASTRAINHOROACAR,2015,ADEMPASTRAINHOROACAR,1.0,PassengerTransportationIn BoundaryHome OtherRoadCars
TO,ADEMPASTRAINHOROACAR___ADR,PASTRAINHOROACAR,2015,ADEMPASTRAINHOROACAR,1.0,PassengerTransportationIn BoundaryHome OtherRoadCars
TO,ADEMPASTRAINHOROACAR___APG,PASTRAINHOROACAR,2015,ADEMPASTRAINHOROACAR,1.0,PassengerTransportationIn BoundaryHome OtherRoadCars
TO,ADEMPASTRAINHOROATRULGTRSH,PASTRAINHOROATRU,2015,ADEMPASTRAINHOROATRU,1.0,PassengerTransportationIn BoundaryHome OtherRoadTruck
TO,ADEMPASTRAINHOROATRULGTTAX,PASTRAINHOROATRU,2015,ADEMPASTRAINHOROATRU,1.0,PassengerTransportationIn BoundaryHome OtherRoadTruck
TO,ADEMPASTRAINHOROATRULGTADR,PASTRAINHOROATRU,2015,ADEMPASTRAINHOROATRU,1.0,PassengerTransportationIn BoundaryHome OtherRoadTruck
TO,ADEMPASTRAINHOROATRULGTAPG,PASTRAINHOROATRU,2015,ADEMPASTRAINHOROATRU,1.0,PassengerTransportationIn BoundaryHome OtherRoadTruck
TO,ADEMPASTRAINHOROAMOR______,PASTRAINHOROAMOR,2015,ADEMPASTRAINHOROAMOR,1.0,PassengerTransportationIn BoundaryHome OtherRoadMotorcycles
TO,ADEMPASTRAINHOROAWAL______,PASTRAINHOROAWAL,2015,ADEMPASTRAINHOROAWAL,1.0,PassengerTransportationIn BoundaryHome OtherRoadWalk
TO,ADEMPASTRAINHOROABIK______,PASTRAINHOROABIK,2015,ADEMPASTRAINHOROABIK,1.0,PassengerTransportationIn BoundaryHome OtherRoadBicycle
TO,ADEMPASTRAINNHRAIREG___GOR,PASTRAINNHRAIREG,2015,ADEMPASTRAINNHRAIREG,1.0,PassengerTransportationIn BoundaryNon Home basedRailRegional
TO,ADEMPASTRAINNHRAIREG___UPX,PASTRAINNHRAIREG,2015,ADEMPASTRAINNHRAIREG,1.0,PassengerTransportationIn BoundaryNon Home basedRailRegional
TO,ADEMPASTRAINNHRAISUB___TSU,PASTRAINNHRAISUB,2015,ADEMPASTRAINNHRAISUB,1.0,PassengerTransportationIn BoundaryNon Home basedRailSubway
TO,ADEMPASTRAINNHRAITRM___TST,PASTRAINNHRAITRM,2015,ADEMPASTRAINNHRAITRM,1.0,PassengerTransportationIn BoundaryNon Home basedRailTramway
TO,ADEMPASTRAINNHROABUSIUBGOB,PASTRAINNHROABUS,2015,ADEMPASTRAINNHROABUS,1.0,PassengerTransportationIn BoundaryNon Home basedRoadInter-city Buses
TO,ADEMPASTRAINNHROABUSURBTBU,PASTRAINNHROABUS,2015,ADEMPASTRAINNHROABUS,1.0,PassengerTransportationIn BoundaryNon Home basedRoadInter-city Buses
TO,ADEMPASTRAINNHROABUSURBWTB,PASTRAINNHROABUS,2015,ADEMPASTRAINNHROABUS,1.0,PassengerTransportationIn BoundaryNon Home basedRoadInter-city Buses
TO,ADEMPASTRAINNHROABUSIUBMWAY,PASTRAINNHROABUS,2015,ADEMPASTRAINNHROABUS,1.0,PassengerTransportationIn BoundaryNon Home basedRoadInter-city Buses
TO,ADEMPASTRAINNHROABUSIUBVIVA,PASTRAINNHROABUS,2015,ADEMPASTRAINNHROABUS,1.0,PassengerTransportationIn BoundaryNon Home basedRoadInter-city Buses
TO,ADEMPASTRAINNHROABUSIUBDURT,PASTRAINNHROABUS,2015,ADEMPASTRAINNHROABUS,1.0,PassengerTransportationIn BoundaryNon Home basedRoadInter-city Buses
TO,ADEMPASTRAINNHROABUSSCB___,PASTRAINNHROABUS,2015,ADEMPASTRAINNHROABUS,1.0,PassengerTransportationIn BoundaryNon Home basedRoadInter-city Buses
TO,ADEMPASTRAINNHROACAR___RSH,PASTRAINNHROACAR,2015,ADEMPASTRAINNHROACAR,1.0,PassengerTransportationIn BoundaryNon Home basedRoadCars
TO,ADEMPASTRAINNHROACAR___TAX,PASTRAINNHROACAR,2015,ADEMPASTRAINNHROACAR,1.0,PassengerTransportationIn BoundaryNon Home basedRoadCars
TO,ADEMPASTRAINNHROACAR___ADR,PASTRAINNHROACAR,2015,ADEMPASTRAINNHROACAR,1.0,PassengerTransportationIn BoundaryNon Home basedRoadCars
TO,ADEMPASTRAINNHROACAR___APG,PASTRAINNHROACAR,2015,ADEMPASTRAINNHROACAR,1.0,PassengerTransportationIn BoundaryNon Home basedRoadCars
TO,ADEMPASTRAINNHROATRULGTRSH,PASTRAINNHROATRU,2015,ADEMPASTRAINNHROATRU,1.0,PassengerTransportationIn BoundaryNon Home basedRoadTruck
TO,ADEMPASTRAINNHROATRULGTTAX,PASTRAINNHROATRU,2015,ADEMPASTRAINNHROATRU,1.0,PassengerTransportationIn BoundaryNon Home basedRoadTruck
TO,ADEMPASTRAINNHROATRULGTADR,PASTRAINNHROATRU,2015,ADEMPASTRAINNHROATRU,1.0,PassengerTransportationIn BoundaryNon Home basedRoadTruck
TO,ADEMPASTRAINNHROATRULGTAPG,PASTRAINNHROATRU,2015,ADEMPASTRAINNHROATRU,1.0,PassengerTransportationIn BoundaryNon Home basedRoadTruck
TO,ADEMPASTRAINNHROAMOR______,PASTRAINNHROAMOR,2015,ADEMPASTRAINNHROAMOR,1.0,PassengerTransportationIn BoundaryNon Home basedRoadMotorcycles
TO,ADEMPASTRAINNHROAWAL______,PASTRAINNHROAWAL,2015,ADEMPASTRAINNHROAWAL,1.0,PassengerTransportationIn BoundaryNon Home basedRoadWalk
TO,ADEMPASTRAINNHROABIK______,PASTRAINNHROABIK,2015,ADEMPASTRAINNHROABIK,1.0,PassengerTransportationIn BoundaryNon Home basedRoadBicycle
TO,ADEMPASTRAEXIHWRAIREG___GOR,PASTRAEXIHWRAIREG,2015,ADEMPASTRAEXIHWRAIREG,1.0,PassengerTransportationExternal INHome WorkRailRegional
TO,ADEMPASTRAEXIHWRAIREG___UPX,PASTRAEXIHWRAIREG,2015,ADEMPASTRAEXIHWRAIREG,1.0,PassengerTransportationExternal INHome WorkRailRegional
TO,ADEMPASTRAEXIHWRAISUB___TSU,PASTRAEXIHWRAISUB,2015,ADEMPASTRAEXIHWRAISUB,1.0,PassengerTransportationExternal INHome WorkRailSubway
TO,ADEMPASTRAEXIHWRAITRM___TST,PASTRAEXIHWRAITRM,2015,ADEMPASTRAEXIHWRAITRM,1.0,PassengerTransportationExternal INHome WorkRailTramway
TO,ADEMPASTRAEXIHWROABUSIUBGOB,PASTRAEXIHWROABUS,2015,ADEMPASTRAEXIHWROABUS,1.0,PassengerTransportationExternal INHome WorkRoadInter-city Buses
TO,ADEMPASTRAEXIHWROABUSURBTBU,PASTRAEXIHWROABUS,2015,ADEMPASTRAEXIHWROABUS,1.0,PassengerTransportationExternal INHome WorkRoadInter-city Buses
TO,ADEMPASTRAEXIHWROABUSURBWTB,PASTRAEXIHWROABUS,2015,ADEMPASTRAEXIHWROABUS,1.0,PassengerTransportationExternal INHome WorkRoadInter-city Buses
TO,ADEMPASTRAEXIHWROABUSIUBMWAY,PASTRAEXIHWROABUS,2015,ADEMPASTRAEXIHWROABUS,1.0,PassengerTransportationExternal INHome WorkRoadInter-city Buses
TO,ADEMPASTRAEXIHWROABUSIUBVIVA,PASTRAEXIHWROABUS,2015,ADEMPASTRAEXIHWROABUS,1.0,PassengerTransportationExternal INHome WorkRoadInter-city Buses
TO,ADEMPASTRAEXIHWROABUSIUBDURT,PASTRAEXIHWROABUS,2015,ADEMPASTRAEXIHWROABUS,1.0,PassengerTransportationExternal INHome WorkRoadInter-city Buses
TO,ADEMPASTRAEXIHWROABUSSCB___,PASTRAEXIHWROABUS,2015,ADEMPASTRAEXIHWROABUS,1.0,PassengerTransportationExternal INHome WorkRoadInter-city Buses
TO,ADEMPASTRAEXIHWROACAR___RSH,PASTRAEXIHWROACAR,2015,ADEMPASTRAEXIHWROACAR,1.0,PassengerTransportationExternal INHome WorkRoadCars
TO,ADEMPASTRAEXIHWROACAR___TAX,PASTRAEXIHWROACAR,2015,ADEMPASTRAEXIHWROACAR,1.0,PassengerTransportationExternal INHome WorkRoadCars
TO,ADEMPASTRAEXIHWROACAR___ADR,PASTRAEXIHWROACAR,2015,ADEMPASTRAEXIHWROACAR,1.0,PassengerTransportationExternal INHome WorkRoadCars
TO,ADEMPASTRAEXIHWROACAR___APG,PASTRAEXIHWROACAR,2015,ADEMPASTRAEXIHWROACAR,1.0,PassengerTransportationExternal INHome WorkRoadCars
TO,ADEMPASTRAEXIHWROATRULGTRSH,PASTRAEXIHWROATRU,2015,ADEMPASTRAEXIHWROATRU,1.0,PassengerTransportationExternal INHome WorkRoadTruck
TO,ADEMPASTRAEXIHWROATRULGTTAX,PASTRAEXIHWROATRU,2015,ADEMPASTRAEXIHWROATRU,1.0,PassengerTransportationExternal INHome WorkRoadTruck
TO,ADEMPASTRAEXIHWROATRULGTADR,PASTRAEXIHWROATRU,2015,ADEMPASTRAEXIHWROATRU,1.0,PassengerTransportationExternal INHome WorkRoadTruck
TO,ADEMPASTRAEXIHWROATRULGTAPG,PASTRAEXIHWROATRU,2015,ADEMPASTRAEXIHWROATRU,1.0,PassengerTransportationExternal INHome WorkRoadTruck
TO,ADEMPASTRAEXIHWROAMOR______,PASTRAEXIHWROAMOR,2015,ADEMPASTRAEXIHWROAMOR,1.0,PassengerTransportationExternal INHome WorkRoadMotorcycles
TO,ADEMPASTRAEXIHWROAWAL______,PASTRAEXIHWROAWAL,2015,ADEMPASTRAEXIHWROAWAL,1.0,PassengerTransportationExternal INHome WorkRoadWalk
TO,ADEMPASTRAEXIHWROABIK______,PASTRAEXIHWROABIK,2015,ADEMPASTRAEXIHWROABIK,1.0,PassengerTransportationExternal INHome WorkRoadBicycle
TO,ADEMPASTRAEXIHSRAIREG___GOR,PASTRAEXIHSRAIREG,2015,ADEMPASTRAEXIHSRAIREG,1.0,PassengerTransportationExternal INHome SchoolRailRegional
TO,ADEMPASTRAEXIHSRAIREG___UPX,PASTRAEXIHSRAIREG,2015,ADEMPASTRAEXIHSRAIREG,1.0,PassengerTransportationExternal INHome SchoolRailRegional
TO,ADEMPASTRAEXIHSRAISUB___TSU,PASTRAEXIHSRAISUB,2015,ADEMPASTRAEXIHSRAISUB,1.0,PassengerTransportationExternal INHome SchoolRailSubway
TO,ADEMPASTRAEXIHSRAITRM___TST,PASTRAEXIHSRAITRM,2015,ADEMPASTRAEXIHSRAITRM,1.0,PassengerTransportationExternal INHome SchoolRailTramway
TO,ADEMPASTRAEXIHSROABUSIUBGOB,PASTRAEXIHSROABUS,2015,ADEMPASTRAEXIHSROABUS,1.0,PassengerTransportationExternal INHome SchoolRoadInter-city Buses
TO,ADEMPASTRAEXIHSROABUSURBTBU,PASTRAEXIHSROABUS,2015,ADEMPASTRAEXIHSROABUS,1.0,PassengerTransportationExternal INHome SchoolRoadInter-city Buses
TO,ADEMPASTRAEXIHSROABUSURBWTB,PASTRAEXIHSROABUS,2015,ADEMPASTRAEXIHSROABUS,1.0,PassengerTransportationExternal INHome SchoolRoadInter-city Buses
TO,ADEMPASTRAEXIHSROABUSIUBMWAY,PASTRAEXIHSROABUS,2015,ADEMPASTRAEXIHSROABUS,1.0,PassengerTransportationExternal INHome SchoolRoadInter-city Buses
TO,ADEMPASTRAEXIHSROABUSIUBVIVA,PASTRAEXIHSROABUS,2015,ADEMPASTRAEXIHSROABUS,1.0,PassengerTransportationExternal INHome SchoolRoadInter-city Buses
TO,ADEMPASTRAEXIHSROABUSIUBDURT,PASTRAEXIHSROABUS,2015,ADEMPASTRAEXIHSROABUS,1.0,PassengerTransportationExternal INHome SchoolRoadInter-city Buses
TO,ADEMPASTRAEXIHSROABUSSCB___,PASTRAEXIHSROABUS,2015,ADEMPASTRAEXIHSROABUS,1.0,PassengerTransportationExternal INHome SchoolRoadInter-city Buses
TO,ADEMPASTRAEXIHSROACAR___RSH,PASTRAEXIHSROACAR,2015,ADEMPASTRAEXIHSROACAR,1.0,PassengerTransportationExternal INHome SchoolRoadCars
TO,ADEMPASTRAEXIHSROACAR___TAX,PASTRAEXIHSROACAR,2015,ADEMPASTRAEXIHSROACAR,1.0,PassengerTransportationExternal INHome SchoolRoadCars
TO,ADEMPASTRAEXIHSROACAR___ADR,PASTRAEXIHSROACAR,2015,ADEMPASTRAEXIHSROACAR,1.0,PassengerTransportationExternal INHome SchoolRoadCars
TO,ADEMPASTRAEXIHSROACAR___APG,PASTRAEXIHSROACAR,2015,ADEMPASTRAEXIHSROACAR,1.0,PassengerTransportationExternal INHome SchoolRoadCars
TO,ADEMPASTRAEXIHSROATRULGTRSH,PASTRAEXIHSROATRU,2015,ADEMPASTRAEXIHSROATRU,1.0,PassengerTransportationExternal INHome SchoolRoadTruck
TO,ADEMPASTRAEXIHSROATRULGTTAX,PASTRAEXIHSROATRU,2015,ADEMPASTRAEXIHSROATRU,1.0,PassengerTransportationExternal INHome SchoolRoadTruck
TO,ADEMPASTRAEXIHSROATRULGTADR,PASTRAEXIHSROATRU,2015,ADEMPASTRAEXIHSROATRU,1.0,PassengerTransportationExternal INHome SchoolRoadTruck
TO,ADEMPASTRAEXIHSROATRULGTAPG,PASTRAEXIHSROATRU,2015,ADEMPASTRAEXIHSROATRU,1.0,PassengerTransportationExternal INHome SchoolRoadTruck
TO,ADEMPASTRAEXIHSROAMOR______,PASTRAEXIHSROAMOR,2015,ADEMPASTRAEXIHSROAMOR,1.0,PassengerTransportationExternal INHome SchoolRoadMotorcycles
TO,ADEMPASTRAEXIHSROAWAL______,PASTRAEXIHSROAWAL,2015,ADEMPASTRAEXIHSROAWAL,1.0,PassengerTransportationExternal INHome SchoolRoadWalk
TO,ADEMPASTRAEXIHSROABIK______,PASTRAEXIHSROABIK,2015,ADEMPASTRAEXIHSROABIK,1.0,PassengerTransportationExternal INHome SchoolRoadBicycle
TO,ADEMPASTRAEXIHORAIREG___GOR,PASTRAEXIHORAIREG,2015,ADEMPASTRAEXIHORAIREG,1.0,PassengerTransportationExternal INHome OtherRailRegional
TO,ADEMPASTRAEXIHORAIREG___UPX,PASTRAEXIHORAIREG,2015,ADEMPASTRAEXIHORAIREG,1.0,PassengerTransportationExternal INHome OtherRailRegional
TO,ADEMPASTRAEXIHORAISUB___TSU,PASTRAEXIHORAISUB,2015,ADEMPASTRAEXIHORAISUB,1.0,PassengerTransportationExternal INHome OtherRailSubway
TO,ADEMPASTRAEXIHORAITRM___TST,PASTRAEXIHORAITRM,2015,ADEMPASTRAEXIHORAITRM,1.0,PassengerTransportationExternal INHome OtherRailTramway
TO,ADEMPASTRAEXIHOROABUSIUBGOB,PASTRAEXIHOROABUS,2015,ADEMPASTRAEXIHOROABUS,1.0,PassengerTransportationExternal INHome OtherRoadInter-city Buses
TO,ADEMPASTRAEXIHOROABUSURBTBU,PASTRAEXIHOROABUS,2015,ADEMPASTRAEXIHOROABUS,1.0,PassengerTransportationExternal INHome OtherRoadInter-city Buses
TO,ADEMPASTRAEXIHOROABUSURBWTB,PASTRAEXIHOROABUS,2015,ADEMPASTRAEXIHOROABUS,1.0,PassengerTransportationExternal INHome OtherRoadInter-city Buses
TO,ADEMPASTRAEXIHOROABUSIUBMWAY,PASTRAEXIHOROABUS,2015,ADEMPASTRAEXIHOROABUS,1.0,PassengerTransportationExternal INHome OtherRoadInter-city Buses
TO,ADEMPASTRAEXIHOROABUSIUBVIVA,PASTRAEXIHOROABUS,2015,ADEMPASTRAEXIHOROABUS,1.0,PassengerTransportationExternal INHome OtherRoadInter-city Buses
TO,ADEMPASTRAEXIHOROABUSIUBDURT,PASTRAEXIHOROABUS,2015,ADEMPASTRAEXIHOROABUS,1.0,PassengerTransportationExternal INHome OtherRoadInter-city Buses
TO,ADEMPASTRAEXIHOROABUSSCB___,PASTRAEXIHOROABUS,2015,ADEMPASTRAEXIHOROABUS,1.0,PassengerTransportationExternal INHome OtherRoadInter-city Buses
TO,ADEMPASTRAEXIHOROACAR___RSH,PASTRAEXIHOROACAR,2015,ADEMPASTRAEXIHOROACAR,1.0,PassengerTransportationExternal INHome OtherRoadCars
TO,ADEMPASTRAEXIHOROACAR___TAX,PASTRAEXIHOROACAR,2015,ADEMPASTRAEXIHOROACAR,1.0,PassengerTransportationExternal INHome OtherRoadCars
TO,ADEMPASTRAEXIHOROACAR___ADR,PASTRAEXIHOROACAR,2015,ADEMPASTRAEXIHOROACAR,1.0,PassengerTransportationExternal INHome OtherRoadCars
TO,ADEMPASTRAEXIHOROACAR___APG,PASTRAEXIHOROACAR,2015,ADEMPASTRAEXIHOROACAR,1.0,PassengerTransportationExternal INHome OtherRoadCars
TO,ADEMPASTRAEXIHOROATRULGTRSH,PASTRAEXIHOROATRU,2015,ADEMPASTRAEXIHOROATRU,1.0,PassengerTransportationExternal INHome OtherRoadTruck
TO,ADEMPASTRAEXIHOROATRULGTTAX,PASTRAEXIHOROATRU,2015,ADEMPASTRAEXIHOROATRU,1.0,PassengerTransportationExternal INHome OtherRoadTruck
TO,ADEMPASTRAEXIHOROATRULGTADR,PASTRAEXIHOROATRU,2015,ADEMPASTRAEXIHOROATRU,1.0,PassengerTransportationExternal INHome OtherRoadTruck
TO,ADEMPASTRAEXIHOROATRULGTAPG,PASTRAEXIHOROATRU,2015,ADEMPASTRAEXIHOROATRU,1.0,PassengerTransportationExternal INHome OtherRoadTruck
TO,ADEMPASTRAEXIHOROAMOR______,PASTRAEXIHOROAMOR,2015,ADEMPASTRAEXIHOROAMOR,1.0,PassengerTransportationExternal INHome OtherRoadMotorcycles
TO,ADEMPASTRAEXIHOROAWAL______,PASTRAEXIHOROAWAL,2015,ADEMPASTRAEXIHOROAWAL,1.0,PassengerTransportationExternal INHome OtherRoadWalk
TO,ADEMPASTRAEXIHOROABIK______,PASTRAEXIHOROABIK,2015,ADEMPASTRAEXIHOROABIK,1.0,PassengerTransportationExternal INHome OtherRoadBicycle
TO,ADEMPASTRAEXINHRAIREG___GOR,PASTRAEXINHRAIREG,2015,ADEMPASTRAEXINHRAIREG,1.0,PassengerTransportationExternal INNon Home basedRailRegional
TO,ADEMPASTRAEXINHRAIREG___UPX,PASTRAEXINHRAIREG,2015,ADEMPASTRAEXINHRAIREG,1.0,PassengerTransportationExternal INNon Home basedRailRegional
TO,ADEMPASTRAEXINHRAISUB___TSU,PASTRAEXINHRAISUB,2015,ADEMPASTRAEXINHRAISUB,1.0,PassengerTransportationExternal INNon Home basedRailSubway
TO,ADEMPASTRAEXINHRAITRM___TST,PASTRAEXINHRAITRM,2015,ADEMPASTRAEXINHRAITRM,1.0,PassengerTransportationExternal INNon Home basedRailTramway
TO,ADEMPASTRAEXINHROABUSIUBGOB,PASTRAEXINHROABUS,2015,ADEMPASTRAEXINHROABUS,1.0,PassengerTransportationExternal INNon Home basedRoadInter-city Buses
TO,ADEMPASTRAEXINHROABUSURBTBU,PASTRAEXINHROABUS,2015,ADEMPASTRAEXINHROABUS,1.0,PassengerTransportationExternal INNon Home basedRoadInter-city Buses
TO,ADEMPASTRAEXINHROABUSURBWTB,PASTRAEXINHROABUS,2015,ADEMPASTRAEXINHROABUS,1.0,PassengerTransportationExternal INNon Home basedRoadInter-city Buses
TO,ADEMPASTRAEXINHROABUSIUBMWAY,PASTRAEXINHROABUS,2015,ADEMPASTRAEXINHROABUS,1.0,PassengerTransportationExternal INNon Home basedRoadInter-city Buses
TO,ADEMPASTRAEXINHROABUSIUBVIVA,PASTRAEXINHROABUS,2015,ADEMPASTRAEXINHROABUS,1.0,PassengerTransportationExternal INNon Home basedRoadInter-city Buses
TO,ADEMPASTRAEXINHROABUSIUBDURT,PASTRAEXINHROABUS,2015,ADEMPASTRAEXINHROABUS,1.0,PassengerTransportationExternal INNon Home basedRoadInter-city Buses
TO,ADEMPASTRAEXINHROABUSSCB___,PASTRAEXINHROABUS,2015,ADEMPASTRAEXINHROABUS,1.0,PassengerTransportationExternal INNon Home basedRoadInter-city Buses
TO,ADEMPASTRAEXINHROACAR___RSH,PASTRAEXINHROACAR,2015,ADEMPASTRAEXINHROACAR,1.0,PassengerTransportationExternal INNon Home basedRoadCars
TO,ADEMPASTRAEXINHROACAR___TAX,PASTRAEXINHROACAR,2015,ADEMPASTRAEXINHROACAR,1.0,PassengerTransportationExternal INNon Home basedRoadCars
TO,ADEMPASTRAEXINHROACAR___ADR,PASTRAEXINHROACAR,2015,ADEMPASTRAEXINHROACAR,1.0,PassengerTransportationExternal INNon Home basedRoadCars
TO,ADEMPASTRAEXINHROACAR___APG,PASTRAEXINHROACAR,2015,ADEMPASTRAEXINHROACAR,1.0,PassengerTransportationExternal INNon Home basedRoadCars
TO,ADEMPASTRAEXINHROATRULGTRSH,PASTRAEXINHROATRU,2015,ADEMPASTRAEXINHROATRU,1.0,PassengerTransportationExternal INNon Home basedRoadTruck
TO,ADEMPASTRAEXINHROATRULGTTAX,PASTRAEXINHROATRU,2015,ADEMPASTRAEXINHROATRU,1.0,PassengerTransportationExternal INNon Home basedRoadTruck
TO,ADEMPASTRAEXINHROATRULGTADR,PASTRAEXINHROATRU,2015,ADEMPASTRAEXINHROATRU,1.0,PassengerTransportationExternal INNon Home basedRoadTruck
TO,ADEMPASTRAEXINHROATRULGTAPG,PASTRAEXINHROATRU,2015,ADEMPASTRAEXINHROATRU,1.0,PassengerTransportationExternal INNon Home basedRoadTruck
TO,ADEMPASTRAEXINHROAMOR______,PASTRAEXINHROAMOR,2015,ADEMPASTRAEXINHROAMOR,1.0,PassengerTransportationExternal INNon Home basedRoadMotorcycles
TO,ADEMPASTRAEXINHROAWAL______,PASTRAEXINHROAWAL,2015,ADEMPASTRAEXINHROAWAL,1.0,PassengerTransportationExternal INNon Home basedRoadWalk
TO,ADEMPASTRAEXINHROABIK______,PASTRAEXINHROABIK,2015,ADEMPASTRAEXINHROABIK,1.0,PassengerTransportationExternal INNon Home basedRoadBicycle
TO,ADEMPASTRAEXOHWRAIREG___GOR,PASTRAEXOHWRAIREG,2015,ADEMPASTRAEXOHWRAIREG,1.0,PassengerTransportationExternal OUTHome WorkRailRegional
TO,ADEMPASTRAEXOHWRAIREG___UPX,PASTRAEXOHWRAIREG,2015,ADEMPASTRAEXOHWRAIREG,1.0,PassengerTransportationExternal OUTHome WorkRailRegional
TO,ADEMPASTRAEXOHWRAISUB___TSU,PASTRAEXOHWRAISUB,2015,ADEMPASTRAEXOHWRAISUB,1.0,PassengerTransportationExternal OUTHome WorkRailSubway
TO,ADEMPASTRAEXOHWRAITRM___TST,PASTRAEXOHWRAITRM,2015,ADEMPASTRAEXOHWRAITRM,1.0,PassengerTransportationExternal OUTHome WorkRailTramway
TO,ADEMPASTRAEXOHWROABUSIUBGOB,PASTRAEXOHWROABUS,2015,ADEMPASTRAEXOHWROABUS,1.0,PassengerTransportationExternal OUTHome WorkRoadInter-city Buses
TO,ADEMPASTRAEXOHWROABUSURBTBU,PASTRAEXOHWROABUS,2015,ADEMPASTRAEXOHWROABUS,1.0,PassengerTransportationExternal OUTHome WorkRoadInter-city Buses
TO,ADEMPASTRAEXOHWROABUSURBWTB,PASTRAEXOHWROABUS,2015,ADEMPASTRAEXOHWROABUS,1.0,PassengerTransportationExternal OUTHome WorkRoadInter-city Buses
TO,ADEMPASTRAEXOHWROABUSIUBMWAY,PASTRAEXOHWROABUS,2015,ADEMPASTRAEXOHWROABUS,1.0,PassengerTransportationExternal OUTHome WorkRoadInter-city Buses
TO,ADEMPASTRAEXOHWROABUSIUBVIVA,PASTRAEXOHWROABUS,2015,ADEMPASTRAEXOHWROABUS,1.0,PassengerTransportationExternal OUTHome WorkRoadInter-city Buses
TO,ADEMPASTRAEXOHWROABUSIUBDURT,PASTRAEXOHWROABUS,2015,ADEMPASTRAEXOHWROABUS,1.0,PassengerTransportationExternal OUTHome WorkRoadInter-city Buses
TO,ADEMPASTRAEXOHWROABUSSCB___,PASTRAEXOHWROABUS,2015,ADEMPASTRAEXOHWROABUS,1.0,PassengerTransportationExternal OUTHome WorkRoadInter-city Buses
TO,ADEMPASTRAEXOHWROACAR___RSH,PASTRAEXOHWROACAR,2015,ADEMPASTRAEXOHWROACAR,1.0,PassengerTransportationExternal OUTHome WorkRoadCars
TO,ADEMPASTRAEXOHWROACAR___TAX,PASTRAEXOHWROACAR,2015,ADEMPASTRAEXOHWROACAR,1.0,PassengerTransportationExternal OUTHome WorkRoadCars
TO,ADEMPASTRAEXOHWROACAR___ADR,PASTRAEXOHWROACAR,2015,ADEMPASTRAEXOHWROACAR,1.0,PassengerTransportationExternal OUTHome WorkRoadCars
TO,ADEMPASTRAEXOHWROACAR___APG,PASTRAEXOHWROACAR,2015,ADEMPASTRAEXOHWROACAR,1.0,PassengerTransportationExternal OUTHome WorkRoadCars
TO,ADEMPASTRAEXOHWROATRULGTRSH,PASTRAEXOHWROATRU,2015,ADEMPASTRAEXOHWROATRU,1.0,PassengerTransportationExternal OUTHome WorkRoadTruck
TO,ADEMPASTRAEXOHWROATRULGTTAX,PASTRAEXOHWROATRU,2015,ADEMPASTRAEXOHWROATRU,1.0,PassengerTransportationExternal OUTHome WorkRoadTruck
TO,ADEMPASTRAEXOHWROATRULGTADR,PASTRAEXOHWROATRU,2015,ADEMPASTRAEXOHWROATRU,1.0,PassengerTransportationExternal OUTHome WorkRoadTruck
TO,ADEMPASTRAEXOHWROATRULGTAPG,PASTRAEXOHWROATRU,2015,ADEMPASTRAEXOHWROATRU,1.0,PassengerTransportationExternal OUTHome WorkRoadTruck
TO,ADEMPASTRAEXOHWROAMOR______,PASTRAEXOHWROAMOR,2015,ADEMPASTRAEXOHWROAMOR,1.0,PassengerTransportationExternal OUTHome WorkRoadMotorcycles
TO,ADEMPASTRAEXOHWROAWAL______,PASTRAEXOHWROAWAL,2015,ADEMPASTRAEXOHWROAWAL,1.0,PassengerTransportationExternal OUTHome WorkRoadWalk
TO,ADEMPASTRAEXOHWROABIK______,PASTRAEXOHWROABIK,2015,ADEMPASTRAEXOHWROABIK,1.0,PassengerTransportationExternal OUTHome WorkRoadBicycle
TO,ADEMPASTRAEXOHSRAIREG___GOR,PASTRAEXOHSRAIREG,2015,ADEMPASTRAEXOHSRAIREG,1.0,PassengerTransportationExternal OUTHome SchoolRailRegional
TO,ADEMPASTRAEXOHSRAIREG___UPX,PASTRAEXOHSRAIREG,2015,ADEMPASTRAEXOHSRAIREG,1.0,PassengerTransportationExternal OUTHome SchoolRailRegional
TO,ADEMPASTRAEXOHSRAISUB___TSU,PASTRAEXOHSRAISUB,2015,ADEMPASTRAEXOHSRAISUB,1.0,PassengerTransportationExternal OUTHome SchoolRailSubway
TO,ADEMPASTRAEXOHSRAITRM___TST,PASTRAEXOHSRAITRM,2015,ADEMPASTRAEXOHSRAITRM,1.0,PassengerTransportationExternal OUTHome SchoolRailTramway
TO,ADEMPASTRAEXOHSROABUSIUBGOB,PASTRAEXOHSROABUS,2015,ADEMPASTRAEXOHSROABUS,1.0,PassengerTransportationExternal OUTHome SchoolRoadInter-city Buses
TO,ADEMPASTRAEXOHSROABUSURBTBU,PASTRAEXOHSROABUS,2015,ADEMPASTRAEXOHSROABUS,1.0,PassengerTransportationExternal OUTHome SchoolRoadInter-city Buses
TO,ADEMPASTRAEXOHSROABUSURBWTB,PASTRAEXOHSROABUS,2015,ADEMPASTRAEXOHSROABUS,1.0,PassengerTransportationExternal OUTHome SchoolRoadInter-city Buses
TO,ADEMPASTRAEXOHSROABUSIUBMWAY,PASTRAEXOHSROABUS,2015,ADEMPASTRAEXOHSROABUS,1.0,PassengerTransportationExternal OUTHome SchoolRoadInter-city Buses
TO,ADEMPASTRAEXOHSROABUSIUBVIVA,PASTRAEXOHSROABUS,2015,ADEMPASTRAEXOHSROABUS,1.0,PassengerTransportationExternal OUTHome SchoolRoadInter-city Buses
TO,ADEMPASTRAEXOHSROABUSIUBDURT,PASTRAEXOHSROABUS,2015,ADEMPASTRAEXOHSROABUS,1.0,PassengerTransportationExternal OUTHome SchoolRoadInter-city Buses
TO,ADEMPASTRAEXOHSROABUSSCB___,PASTRAEXOHSROABUS,2015,ADEMPASTRAEXOHSROABUS,1.0,PassengerTransportationExternal OUTHome SchoolRoadInter-city Buses
TO,ADEMPASTRAEXOHSROACAR___RSH,PASTRAEXOHSROACAR,2015,ADEMPASTRAEXOHSROACAR,1.0,PassengerTransportationExternal OUTHome SchoolRoadCars
TO,ADEMPASTRAEXOHSROACAR___TAX,PASTRAEXOHSROACAR,2015,ADEMPASTRAEXOHSROACAR,1.0,PassengerTransportationExternal OUTHome SchoolRoadCars
TO,ADEMPASTRAEXOHSROACAR___ADR,PASTRAEXOHSROACAR,2015,ADEMPASTRAEXOHSROACAR,1.0,PassengerTransportationExternal OUTHome SchoolRoadCars
TO,ADEMPASTRAEXOHSROACAR___APG,PASTRAEXOHSROACAR,2015,ADEMPASTRAEXOHSROACAR,1.0,PassengerTransportationExternal OUTHome SchoolRoadCars
TO,ADEMPASTRAEXOHSROATRULGTRSH,PASTRAEXOHSROATRU,2015,ADEMPASTRAEXOHSROATRU,1.0,PassengerTransportationExternal OUTHome SchoolRoadTruck
TO,ADEMPASTRAEXOHSROATRULGTTAX,PASTRAEXOHSROATRU,2015,ADEMPASTRAEXOHSROATRU,1.0,PassengerTransportationExternal OUTHome SchoolRoadTruck
TO,ADEMPASTRAEXOHSROATRULGTADR,PASTRAEXOHSROATRU,2015,ADEMPASTRAEXOHSROATRU,1.0,PassengerTransportationExternal OUTHome SchoolRoadTruck
TO,ADEMPASTRAEXOHSROATRULGTAPG,PASTRAEXOHSROATRU,2015,ADEMPASTRAEXOHSROATRU,1.0,PassengerTransportationExternal OUTHome SchoolRoadTruck
TO,ADEMPASTRAEXOHSROAMOR______,PASTRAEXOHSROAMOR,2015,ADEMPASTRAEXOHSROAMOR,1.0,PassengerTransportationExternal OUTHome SchoolRoadMotorcycles
TO,ADEMPASTRAEXOHSROAWAL______,PASTRAEXOHSROAWAL,2015,ADEMPASTRAEXOHSROAWAL,1.0,PassengerTransportationExternal OUTHome SchoolRoadWalk
TO,ADEMPASTRAEXOHSROABIK______,PASTRAEXOHSROABIK,2015,ADEMPASTRAEXOHSROABIK,1.0,PassengerTransportationExternal OUTHome SchoolRoadBicycle
TO,ADEMPASTRAEXOHORAIREG___GOR,PASTRAEXOHORAIREG,2015,ADEMPASTRAEXOHORAIREG,1.0,PassengerTransportationExternal OUTHome OtherRailRegional
TO,ADEMPASTRAEXOHORAIREG___UPX,PASTRAEXOHORAIREG,2015,ADEMPASTRAEXOHORAIREG,1.0,PassengerTransportationExternal OUTHome OtherRailRegional
TO,ADEMPASTRAEXOHORAISUB___TSU,PASTRAEXOHORAISUB,2015,ADEMPASTRAEXOHORAISUB,1.0,PassengerTransportationExternal OUTHome OtherRailSubway
TO,ADEMPASTRAEXOHORAITRM___TST,PASTRAEXOHORAITRM,2015,ADEMPASTRAEXOHORAITRM,1.0,PassengerTransportationExternal OUTHome OtherRailTramway
TO,ADEMPASTRAEXOHOROABUSIUBGOB,PASTRAEXOHOROABUS,2015,ADEMPASTRAEXOHOROABUS,1.0,PassengerTransportationExternal OUTHome OtherRoadInter-city Buses
TO,ADEMPASTRAEXOHOROABUSURBTBU,PASTRAEXOHOROABUS,2015,ADEMPASTRAEXOHOROABUS,1.0,PassengerTransportationExternal OUTHome OtherRoadInter-city Buses
TO,ADEMPASTRAEXOHOROABUSURBWTB,PASTRAEXOHOROABUS,2015,ADEMPASTRAEXOHOROABUS,1.0,PassengerTransportationExternal OUTHome OtherRoadInter-city Buses
TO,ADEMPASTRAEXOHOROABUSIUBMWAY,PASTRAEXOHOROABUS,2015,ADEMPASTRAEXOHOROABUS,1.0,PassengerTransportationExternal OUTHome OtherRoadInter-city Buses
TO,ADEMPASTRAEXOHOROABUSIUBVIVA,PASTRAEXOHOROABUS,2015,ADEMPASTRAEXOHOROABUS,1.0,PassengerTransportationExternal OUTHome OtherRoadInter-city Buses
TO,ADEMPASTRAEXOHOROABUSIUBDURT,PASTRAEXOHOROABUS,2015,ADEMPASTRAEXOHOROABUS,1.0,PassengerTransportationExternal OUTHome OtherRoadInter-city Buses
TO,ADEMPASTRAEXOHOROABUSSCB___,PASTRAEXOHOROABUS,2015,ADEMPASTRAEXOHOROABUS,1.0,PassengerTransportationExternal OUTHome OtherRoadInter-city Buses
TO,ADEMPASTRAEXOHOROACAR___RSH,PASTRAEXOHOROACAR,2015,ADEMPASTRAEXOHOROACAR,1.0,PassengerTransportationExternal OUTHome OtherRoadCars
TO,ADEMPASTRAEXOHOROACAR___TAX,PASTRAEXOHOROACAR,2015,ADEMPASTRAEXOHOROACAR,1.0,PassengerTransportationExternal OUTHome OtherRoadCars
TO,ADEMPASTRAEXOHOROACAR___ADR,PASTRAEXOHOROACAR,2015,ADEMPASTRAEXOHOROACAR,1.0,PassengerTransportationExternal OUTHome OtherRoadCars
TO,ADEMPASTRAEXOHOROACAR___APG,PASTRAEXOHOROACAR,2015,ADEMPASTRAEXOHOROACAR,1.0,PassengerTransportationExternal OUTHome OtherRoadCars
TO,ADEMPASTRAEXOHOROATRULGTRSH,PASTRAEXOHOROATRU,2015,ADEMPASTRAEXOHOROATRU,1.0,PassengerTransportationExternal OUTHome OtherRoadTruck
TO,ADEMPASTRAEXOHOROATRULGTTAX,PASTRAEXOHOROATRU,2015,ADEMPASTRAEXOHOROATRU,1.0,PassengerTransportationExternal OUTHome OtherRoadTruck
TO,ADEMPASTRAEXOHOROATRULGTADR,PASTRAEXOHOROATRU,2015,ADEMPASTRAEXOHOROATRU,1.0,PassengerTransportationExternal OUTHome OtherRoadTruck
TO,ADEMPASTRAEXOHOROATRULGTAPG,PASTRAEXOHOROATRU,2015,ADEMPASTRAEXOHOROATRU,1.0,PassengerTransportationExternal OUTHome OtherRoadTruck
TO,ADEMPASTRAEXOHOROAMOR______,PASTRAEXOHOROAMOR,2015,ADEMPASTRAEXOHOROAMOR,1.0,PassengerTransportationExternal OUTHome OtherRoadMotorcycles
TO,ADEMPASTRAEXOHOROAWAL______,PASTRAEXOHOROAWAL,2015,ADEMPASTRAEXOHOROAWAL,1.0,PassengerTransportationExternal OUTHome OtherRoadWalk
TO,ADEMPASTRAEXOHOROABIK______,PASTRAEXOHOROABIK,2015,ADEMPASTRAEXOHOROABIK,1.0,PassengerTransportationExternal OUTHome OtherRoadBicycle
TO,ADEMPASTRAEXONHRAIREG___GOR,PASTRAEXONHRAIREG,2015,ADEMPASTRAEXONHRAIREG,1.0,PassengerTransportationExternal OUTNon Home basedRailRegional
TO,ADEMPASTRAEXONHRAIREG___UPX,PASTRAEXONHRAIREG,2015,ADEMPASTRAEXONHRAIREG,1.0,PassengerTransportationExternal OUTNon Home basedRailRegional
TO,ADEMPASTRAEXONHRAISUB___TSU,PASTRAEXONHRAISUB,2015,ADEMPASTRAEXONHRAISUB,1.0,PassengerTransportationExternal OUTNon Home basedRailSubway
TO,ADEMPASTRAEXONHRAITRM___TST,PASTRAEXONHRAITRM,2015,ADEMPASTRAEXONHRAITRM,1.0,PassengerTransportationExternal OUTNon Home basedRailTramway
TO,ADEMPASTRAEXONHROABUSIUBGOB,PASTRAEXONHROABUS,2015,ADEMPASTRAEXONHROABUS,1.0,PassengerTransportationExternal OUTNon Home basedRoadInter-city Buses
TO,ADEMPASTRAEXONHROABUSURBTBU,PASTRAEXONHROABUS,2015,ADEMPASTRAEXONHROABUS,1.0,PassengerTransportationExternal OUTNon Home basedRoadInter-city Buses
TO,ADEMPASTRAEXONHROABUSURBWTB,PASTRAEXONHROABUS,2015,ADEMPASTRAEXONHROABUS,1.0,PassengerTransportationExternal OUTNon Home basedRoadInter-city Buses
TO,ADEMPASTRAEXONHROABUSIUBMWAY,PASTRAEXONHROABUS,2015,ADEMPASTRAEXONHROABUS,1.0,PassengerTransportationExternal OUTNon Home basedRoadInter-city Buses
TO,ADEMPASTRAEXONHROABUSIUBVIVA,PASTRAEXONHROABUS,2015,ADEMPASTRAEXONHROABUS,1.0,PassengerTransportationExternal OUTNon Home basedRoadInter-city Buses
TO,ADEMPASTRAEXONHROABUSIUBDURT,PASTRAEXONHROABUS,2015,ADEMPASTRAEXONHROABUS,1.0,PassengerTransportationExternal OUTNon Home basedRoadInter-city Buses
TO,ADEMPASTRAEXONHROABUSSCB___,PASTRAEXONHROABUS,2015,ADEMPASTRAEXONHROABUS,1.0,PassengerTransportationExternal OUTNon Home basedRoadInter-city Buses
TO,ADEMPASTRAEXONHROACAR___RSH,PASTRAEXONHROACAR,2015,ADEMPASTRAEXONHROACAR,1.0,PassengerTransportationExternal OUTNon Home basedRoadCars
TO,ADEMPASTRAEXONHROACAR___TAX,PASTRAEXONHROACAR,2015,ADEMPASTRAEXONHROACAR,1.0,PassengerTransportationExternal OUTNon Home basedRoadCars
TO,ADEMPASTRAEXONHROACAR___ADR,PASTRAEXONHROACAR,2015,ADEMPASTRAEXONHROACAR,1.0,PassengerTransportationExternal OUTNon Home basedRoadCars
TO,ADEMPASTRAEXONHROACAR___APG,PASTRAEXONHROACAR,2015,ADEMPASTRAEXONHROACAR,1.0,PassengerTransportationExternal OUTNon Home basedRoadCars
TO,ADEMPASTRAEXONHROATRULGTRSH,PASTRAEXONHROATRU,2015,ADEMPASTRAEXONHROATRU,1.0,PassengerTransportationExternal OUTNon Home basedRoadTruck
TO,ADEMPASTRAEXONHROATRULGTTAX,PASTRAEXONHROATRU,2015,ADEMPASTRAEXONHROATRU,1.0,PassengerTransportationExternal OUTNon Home basedRoadTruck
TO,ADEMPASTRAEXONHROATRULGTADR,PASTRAEXONHROATRU,2015,ADEMPASTRAEXONHROATRU,1.0,PassengerTransportationExternal OUTNon Home basedRoadTruck
TO,ADEMPASTRAEXONHROATRULGTAPG,PASTRAEXONHROATRU,2015,ADEMPASTRAEXONHROATRU,1.0,PassengerTransportationExternal OUTNon Home basedRoadTruck
TO,ADEMPASTRAEXONHROAMOR______,PASTRAEXONHROAMOR,2015,ADEMPASTRAEXONHROAMOR,1.0,PassengerTransportationExternal OUTNon Home basedRoadMotorcycles
TO,ADEMPASTRAEXONHROAWAL______,PASTRAEXONHROAWAL,2015,ADEMPASTRAEXONHROAWAL,1.0,PassengerTransportationExternal OUTNon Home basedRoadWalk
TO,ADEMPASTRAEXONHROABIK______,PASTRAEXONHROABIK,2015,ADEMPASTRAEXONHROABIK,1.0,PassengerTransportationExternal OUTNon Home basedRoadBicycle
TO,VKTPASTRARAIREG___GOR,PASTRARAIREG___GOR,2015,ADEMPASTRAINHWRAIREG___GOR,357.26923070863876,PassengerTransportationRailRegionalGO rail
TO,VKTPASTRARAIREG___UPX,PASTRARAIREG___UPX,2015,ADEMPASTRAINHWRAIREG___UPX,34.18890910526983,PassengerTransportationRailRegionalUp Express
TO,VKTPASTRARAISUB___TSU,PASTRARAISUB___TSU,2015,ADEMPASTRAINHWRAISUB___TSU,20.100092369789383,PassengerTransportationRailSubwaySubway
TO,VKTPASTRARAITRM___TST,PASTRARAITRM___TST,2015,ADEMPASTRAINHWRAITRM___TST,15.75248148988854,PassengerTransportationRailTramwayStreetcar
TO,VKTPASTRAROABUSIUBGOB,PASTRAROABUSIUBGOB,2015,ADEMPASTRAINHWROABUSIUBGOB,36.246177872165376,PassengerTransportationRoadInter-city BusesInter Urban BusGo Bus
TO,VKTPASTRAROABUSURBTBU,PASTRAROABUSURBTBU,2015,ADEMPASTRAINHWROABUSURBTBU,11.329827923000433,PassengerTransportationRoadInter-city BusesUrban Bus TTC Bus
TO,VKTPASTRAROABUSURBWTB,PASTRAROABUSURBWTB,2015,ADEMPASTRAINHWROABUSURBWTB,1.0031329859060416,PassengerTransportationRoadInter-city BusesUrban Bus TTC Wheel trans para
TO,VKTPASTRAROABUSIUBMWAY,PASTRAROABUSIUBMWAY,2015,ADEMPASTRAINHWROABUSIUBMWAY,32.66388337354911,PassengerTransportationRoadInter-city BusesInter Urban BusMiway Bus
TO,VKTPASTRAROABUSIUBVIVA,PASTRAROABUSIUBVIVA,2015,ADEMPASTRAINHWROABUSIUBVIVA,31.463168391230585,PassengerTransportationRoadInter-city BusesInter Urban BusViva Bus
TO,VKTPASTRAROABUSIUBDURT,PASTRAROABUSIUBDURT,2015,ADEMPASTRAINHWROABUSIUBDURT,16.054674554805505,PassengerTransportationRoadInter-city BusesInter Urban BusDurham RT
TO,VKTPASTRAROABUSSCB___,PASTRAROABUSSCB___,2015,ADEMPASTRAINHWROABUSSCB___,22.27999999967553,PassengerTransportationRoadInter-city BusesSchool Bus
TO,VKTPASTRAROACAR___RSH,PASTRAROACAR___RSH,2015,ADEMPASTRAINHWROACAR___RSH,2.0,PassengerTransportationRoadCarsPaid Ridershare
TO,VKTPASTRAROACAR___TAX,PASTRAROACAR___TAX,2015,ADEMPASTRAINHWROACAR___TAX,1.3,PassengerTransportationRoadCarsTaxi passenger
TO,VKTPASTRAROACAR___ADR,PASTRAROACAR___ADR,2015,ADEMPASTRAINHWROACAR___ADR,1.3,PassengerTransportationRoadCarsAuto driver
TO,VKTPASTRAROACAR___APG,PASTRAROACAR___APG,2015,ADEMPASTRAINHWROACAR___APG,2.3,PassengerTransportationRoadCarsAuto passenger
TO,VKTPASTRAROATRULGTRSH,PASTRAROATRULGTRSH,2015,ADEMPASTRAINHWROATRULGTRSH,2.0,PassengerTransportationRoadTruckPassenger Light TrucksPaid Ridershare
TO,VKTPASTRAROATRULGTTAX,PASTRAROATRULGTTAX,2015,ADEMPASTRAINHWROATRULGTTAX,1.3,PassengerTransportationRoadTruckPassenger Light TrucksTaxi passenger
TO,VKTPASTRAROATRULGTADR,PASTRAROATRULGTADR,2015,ADEMPASTRAINHWROATRULGTADR,1.3,PassengerTransportationRoadTruckPassenger Light TrucksAuto driver
TO,VKTPASTRAROATRULGTAPG,PASTRAROATRULGTAPG,2015,ADEMPASTRAINHWROATRULGTAPG,2.3,PassengerTransportationRoadTruckPassenger Light TrucksAuto passenger
TO,VKTPASTRAROAMOR______,PASTRAROAMOR______,2015,ADEMPASTRAINHWROAMOR______,1.0,PassengerTransportationRoadMotorcycles
TO,VKTPASTRAROAWAL______,PASTRAROAWAL______,2015,ADEMPASTRAINHWROAWAL______,1.0,PassengerTransportationRoadWalk
TO,VKTPASTRAROABIK______,PASTRAROABIK______,2015,ADEMPASTRAINHWROABIK______,1.0,PassengerTransportationRoadBicycle
TO,VKTPASTRARAIREG___GOR,PASTRARAIREG___GOR,2015,ADEMPASTRAINHSRAIREG___GOR,357.26923070863876,PassengerTransportationRailRegionalGO rail
TO,VKTPASTRARAIREG___UPX,PASTRARAIREG___UPX,2015,ADEMPASTRAINHSRAIREG___UPX,34.18890910526983,PassengerTransportationRailRegionalUp Express
TO,VKTPASTRARAISUB___TSU,PASTRARAISUB___TSU,2015,ADEMPASTRAINHSRAISUB___TSU,20.100092369789383,PassengerTransportationRailSubwaySubway
TO,VKTPASTRARAITRM___TST,PASTRARAITRM___TST,2015,ADEMPASTRAINHSRAITRM___TST,15.75248148988854,PassengerTransportationRailTramwayStreetcar
TO,VKTPASTRAROABUSIUBGOB,PASTRAROABUSIUBGOB,2015,ADEMPASTRAINHSROABUSIUBGOB,36.246177872165376,PassengerTransportationRoadInter-city BusesInter Urban BusGo Bus
TO,VKTPASTRAROABUSURBTBU,PASTRAROABUSURBTBU,2015,ADEMPASTRAINHSROABUSURBTBU,11.329827923000433,PassengerTransportationRoadInter-city BusesUrban Bus TTC Bus
TO,VKTPASTRAROABUSURBWTB,PASTRAROABUSURBWTB,2015,ADEMPASTRAINHSROABUSURBWTB,1.0031329859060416,PassengerTransportationRoadInter-city BusesUrban Bus TTC Wheel trans para
TO,VKTPASTRAROABUSIUBMWAY,PASTRAROABUSIUBMWAY,2015,ADEMPASTRAINHSROABUSIUBMWAY,32.66388337354911,PassengerTransportationRoadInter-city BusesInter Urban BusMiway Bus
TO,VKTPASTRAROABUSIUBVIVA,PASTRAROABUSIUBVIVA,2015,ADEMPASTRAINHSROABUSIUBVIVA,31.463168391230585,PassengerTransportationRoadInter-city BusesInter Urban BusViva Bus
TO,VKTPASTRAROABUSIUBDURT,PASTRAROABUSIUBDURT,2015,ADEMPASTRAINHSROABUSIUBDURT,16.054674554805505,PassengerTransportationRoadInter-city BusesInter Urban BusDurham RT
TO,VKTPASTRAROABUSSCB___,PASTRAROABUSSCB___,2015,ADEMPASTRAINHSROABUSSCB___,22.27999999967553,PassengerTransportationRoadInter-city BusesSchool Bus
TO,VKTPASTRAROACAR___RSH,PASTRAROACAR___RSH,2015,ADEMPASTRAINHSROACAR___RSH,2.0,PassengerTransportationRoadCarsPaid Ridershare
TO,VKTPASTRAROACAR___TAX,PASTRAROACAR___TAX,2015,ADEMPASTRAINHSROACAR___TAX,1.3,PassengerTransportationRoadCarsTaxi passenger
TO,VKTPASTRAROACAR___ADR,PASTRAROACAR___ADR,2015,ADEMPASTRAINHSROACAR___ADR,1.3,PassengerTransportationRoadCarsAuto driver
TO,VKTPASTRAROACAR___APG,PASTRAROACAR___APG,2015,ADEMPASTRAINHSROACAR___APG,2.3,PassengerTransportationRoadCarsAuto passenger
TO,VKTPASTRAROATRULGTRSH,PASTRAROATRULGTRSH,2015,ADEMPASTRAINHSROATRULGTRSH,2.0,PassengerTransportationRoadTruckPassenger Light TrucksPaid Ridershare
TO,VKTPASTRAROATRULGTTAX,PASTRAROATRULGTTAX,2015,ADEMPASTRAINHSROATRULGTTAX,1.3,PassengerTransportationRoadTruckPassenger Light TrucksTaxi passenger
TO,VKTPASTRAROATRULGTADR,PASTRAROATRULGTADR,2015,ADEMPASTRAINHSROATRULGTADR,1.3,PassengerTransportationRoadTruckPassenger Light TrucksAuto driver
TO,VKTPASTRAROATRULGTAPG,PASTRAROATRULGTAPG,2015,ADEMPASTRAINHSROATRULGTAPG,2.3,PassengerTransportationRoadTruckPassenger Light TrucksAuto passenger
TO,VKTPASTRAROAMOR______,PASTRAROAMOR______,2015,ADEMPASTRAINHSROAMOR______,1.0,PassengerTransportationRoadMotorcycles
TO,VKTPASTRAROAWAL______,PASTRAROAWAL______,2015,ADEMPASTRAINHSROAWAL______,1.0,PassengerTransportationRoadWalk
TO,VKTPASTRAROABIK______,PASTRAROABIK______,2015,ADEMPASTRAINHSROABIK______,1.0,PassengerTransportationRoadBicycle
TO,VKTPASTRARAIREG___GOR,PASTRARAIREG___GOR,2015,ADEMPASTRAINHORAIREG___GOR,357.26923070863876,PassengerTransportationRailRegionalGO rail
TO,VKTPASTRARAIREG___UPX,PASTRARAIREG___UPX,2015,ADEMPASTRAINHORAIREG___UPX,34.18890910526983,PassengerTransportationRailRegionalUp Express
TO,VKTPASTRARAISUB___TSU,PASTRARAISUB___TSU,2015,ADEMPASTRAINHORAISUB___TSU,20.100092369789383,PassengerTransportationRailSubwaySubway
TO,VKTPASTRARAITRM___TST,PASTRARAITRM___TST,2015,ADEMPASTRAINHORAITRM___TST,15.75248148988854,PassengerTransportationRailTramwayStreetcar
TO,VKTPASTRAROABUSIUBGOB,PASTRAROABUSIUBGOB,2015,ADEMPASTRAINHOROABUSIUBGOB,36.246177872165376,PassengerTransportationRoadInter-city BusesInter Urban BusGo Bus
TO,VKTPASTRAROABUSURBTBU,PASTRAROABUSURBTBU,2015,ADEMPASTRAINHOROABUSURBTBU,11.329827923000433,PassengerTransportationRoadInter-city BusesUrban Bus TTC Bus
TO,VKTPASTRAROABUSURBWTB,PASTRAROABUSURBWTB,2015,ADEMPASTRAINHOROABUSURBWTB,1.0031329859060416,PassengerTransportationRoadInter-city BusesUrban Bus TTC Wheel trans para
TO,VKTPASTRAROABUSIUBMWAY,PASTRAROABUSIUBMWAY,2015,ADEMPASTRAINHOROABUSIUBMWAY,32.66388337354911,PassengerTransportationRoadInter-city BusesInter Urban BusMiway Bus
TO,VKTPASTRAROABUSIUBVIVA,PASTRAROABUSIUBVIVA,2015,ADEMPASTRAINHOROABUSIUBVIVA,31.463168391230585,PassengerTransportationRoadInter-city BusesInter Urban BusViva Bus
TO,VKTPASTRAROABUSIUBDURT,PASTRAROABUSIUBDURT,2015,ADEMPASTRAINHOROABUSIUBDURT,16.054674554805505,PassengerTransportationRoadInter-city BusesInter Urban BusDurham RT
TO,VKTPASTRAROABUSSCB___,PASTRAROABUSSCB___,2015,ADEMPASTRAINHOROABUSSCB___,22.27999999967553,PassengerTransportationRoadInter-city BusesSchool Bus
TO,VKTPASTRAROACAR___RSH,PASTRAROACAR___RSH,2015,ADEMPASTRAINHOROACAR___RSH,2.0,PassengerTransportationRoadCarsPaid Ridershare
TO,VKTPASTRAROACAR___TAX,PASTRAROACAR___TAX,2015,ADEMPASTRAINHOROACAR___TAX,1.3,PassengerTransportationRoadCarsTaxi passenger
TO,VKTPASTRAROACAR___ADR,PASTRAROACAR___ADR,2015,ADEMPASTRAINHOROACAR___ADR,1.3,PassengerTransportationRoadCarsAuto driver
TO,VKTPASTRAROACAR___APG,PASTRAROACAR___APG,2015,ADEMPASTRAINHOROACAR___APG,2.3,PassengerTransportationRoadCarsAuto passenger
TO,VKTPASTRAROATRULGTRSH,PASTRAROATRULGTRSH,2015,ADEMPASTRAINHOROATRULGTRSH,2.0,PassengerTransportationRoadTruckPassenger Light TrucksPaid Ridershare
TO,VKTPASTRAROATRULGTTAX,PASTRAROATRULGTTAX,2015,ADEMPASTRAINHOROATRULGTTAX,1.3,PassengerTransportationRoadTruckPassenger Light TrucksTaxi passenger
TO,VKTPASTRAROATRULGTADR,PASTRAROATRULGTADR,2015,ADEMPASTRAINHOROATRULGTADR,1.3,PassengerTransportationRoadTruckPassenger Light TrucksAuto driver
TO,VKTPASTRAROATRULGTAPG,PASTRAROATRULGTAPG,2015,ADEMPASTRAINHOROATRULGTAPG,2.3,PassengerTransportationRoadTruckPassenger Light TrucksAuto passenger
TO,VKTPASTRAROAMOR______,PASTRAROAMOR______,2015,ADEMPASTRAINHOROAMOR______,1.0,PassengerTransportationRoadMotorcycles
TO,VKTPASTRAROAWAL______,PASTRAROAWAL______,2015,ADEMPASTRAINHOROAWAL______,1.0,PassengerTransportationRoadWalk
TO,VKTPASTRAROABIK______,PASTRAROABIK______,2015,ADEMPASTRAINHOROABIK______,1.0,PassengerTransportationRoadBicycle
TO,VKTPASTRARAIREG___GOR,PASTRARAIREG___GOR,2015,ADEMPASTRAINNHRAIREG___GOR,357.26923070863876,PassengerTransportationRailRegionalGO rail
TO,VKTPASTRARAIREG___UPX,PASTRARAIREG___UPX,2015,ADEMPASTRAINNHRAIREG___UPX,34.18890910526983,PassengerTransportationRailRegionalUp Express
TO,VKTPASTRARAISUB___TSU,PASTRARAISUB___TSU,2015,ADEMPASTRAINNHRAISUB___TSU,20.100092369789383,PassengerTransportationRailSubwaySubway
TO,VKTPASTRARAITRM___TST,PASTRARAITRM___TST,2015,ADEMPASTRAINNHRAITRM___TST,15.75248148988854,PassengerTransportationRailTramwayStreetcar
TO,VKTPASTRAROABUSIUBGOB,PASTRAROABUSIUBGOB,2015,ADEMPASTRAINNHROABUSIUBGOB,36.246177872165376,PassengerTransportationRoadInter-city BusesInter Urban BusGo Bus
TO,VKTPASTRAROABUSURBTBU,PASTRAROABUSURBTBU,2015,ADEMPASTRAINNHROABUSURBTBU,11.329827923000433,PassengerTransportationRoadInter-city BusesUrban Bus TTC Bus
TO,VKTPASTRAROABUSURBWTB,PASTRAROABUSURBWTB,2015,ADEMPASTRAINNHROABUSURBWTB,1.0031329859060416,PassengerTransportationRoadInter-city BusesUrban Bus TTC Wheel trans para
TO,VKTPASTRAROABUSIUBMWAY,PASTRAROABUSIUBMWAY,2015,ADEMPASTRAINNHROABUSIUBMWAY,32.66388337354911,PassengerTransportationRoadInter-city BusesInter Urban BusMiway Bus
TO,VKTPASTRAROABUSIUBVIVA,PASTRAROABUSIUBVIVA,2015,ADEMPASTRAINNHROABUSIUBVIVA,31.463168391230585,PassengerTransportationRoadInter-city BusesInter Urban BusViva Bus
TO,VKTPASTRAROABUSIUBDURT,PASTRAROABUSIUBDURT,2015,ADEMPASTRAINNHROABUSIUBDURT,16.054674554805505,PassengerTransportationRoadInter-city BusesInter Urban BusDurham RT
TO,VKTPASTRAROABUSSCB___,PASTRAROABUSSCB___,2015,ADEMPASTRAINNHROABUSSCB___,22.27999999967553,PassengerTransportationRoadInter-city BusesSchool Bus
TO,VKTPASTRAROACAR___RSH,PASTRAROACAR___RSH,2015,ADEMPASTRAINNHROACAR___RSH,2.0,PassengerTransportationRoadCarsPaid Ridershare
TO,VKTPASTRAROACAR___TAX,PASTRAROACAR___TAX,2015,ADEMPASTRAINNHROACAR___TAX,1.3,PassengerTransportationRoadCarsTaxi passenger
TO,VKTPASTRAROACAR___ADR,PASTRAROACAR___ADR,2015,ADEMPASTRAINNHROACAR___ADR,1.3,PassengerTransportationRoadCarsAuto driver
TO,VKTPASTRAROACAR___APG,PASTRAROACAR___APG,2015,ADEMPASTRAINNHROACAR___APG,2.3,PassengerTransportationRoadCarsAuto passenger
TO,VKTPASTRAROATRULGTRSH,PASTRAROATRULGTRSH,2015,ADEMPASTRAINNHROATRULGTRSH,2.0,PassengerTransportationRoadTruckPassenger Light TrucksPaid Ridershare
TO,VKTPASTRAROATRULGTTAX,PASTRAROATRULGTTAX,2015,ADEMPASTRAINNHROATRULGTTAX,1.3,PassengerTransportationRoadTruckPassenger Light TrucksTaxi passenger
TO,VKTPASTRAROATRULGTADR,PASTRAROATRULGTADR,2015,ADEMPASTRAINNHROATRULGTADR,1.3,PassengerTransportationRoadTruckPassenger Light TrucksAuto driver
TO,VKTPASTRAROATRULGTAPG,PASTRAROATRULGTAPG,2015,ADEMPASTRAINNHROATRULGTAPG,2.3,PassengerTransportationRoadTruckPassenger Light TrucksAuto passenger
TO,VKTPASTRAROAMOR______,PASTRAROAMOR______,2015,ADEMPASTRAINNHROAMOR______,1.0,PassengerTransportationRoadMotorcycles
TO,VKTPASTRAROAWAL______,PASTRAROAWAL______,2015,ADEMPASTRAINNHROAWAL______,1.0,PassengerTransportationRoadWalk
TO,VKTPASTRAROABIK______,PASTRAROABIK______,2015,ADEMPASTRAINNHROABIK______,1.0,PassengerTransportationRoadBicycle
TO,VKTPASTRARAIREG___GOR,PASTRARAIREG___GOR,2015,ADEMPASTRAEXIHWRAIREG___GOR,357.26923070863876,PassengerTransportationRailRegionalGO rail
TO,VKTPASTRARAIREG___UPX,PASTRARAIREG___UPX,2015,ADEMPASTRAEXIHWRAIREG___UPX,34.18890910526983,PassengerTransportationRailRegionalUp Express
TO,VKTPASTRARAISUB___TSU,PASTRARAISUB___TSU,2015,ADEMPASTRAEXIHWRAISUB___TSU,20.100092369789383,PassengerTransportationRailSubwaySubway
TO,VKTPASTRARAITRM___TST,PASTRARAITRM___TST,2015,ADEMPASTRAEXIHWRAITRM___TST,15.75248148988854,PassengerTransportationRailTramwayStreetcar
TO,VKTPASTRAROABUSIUBGOB,PASTRAROABUSIUBGOB,2015,ADEMPASTRAEXIHWROABUSIUBGOB,36.246177872165376,PassengerTransportationRoadInter-city BusesInter Urban BusGo Bus
TO,VKTPASTRAROABUSURBTBU,PASTRAROABUSURBTBU,2015,ADEMPASTRAEXIHWROABUSURBTBU,11.329827923000433,PassengerTransportationRoadInter-city BusesUrban Bus TTC Bus
TO,VKTPASTRAROABUSURBWTB,PASTRAROABUSURBWTB,2015,ADEMPASTRAEXIHWROABUSURBWTB,1.0031329859060416,PassengerTransportationRoadInter-city BusesUrban Bus TTC Wheel trans para
TO,VKTPASTRAROABUSIUBMWAY,PASTRAROABUSIUBMWAY,2015,ADEMPASTRAEXIHWROABUSIUBMWAY,32.66388337354911,PassengerTransportationRoadInter-city BusesInter Urban BusMiway Bus
TO,VKTPASTRAROABUSIUBVIVA,PASTRAROABUSIUBVIVA,2015,ADEMPASTRAEXIHWROABUSIUBVIVA,31.463168391230585,PassengerTransportationRoadInter-city BusesInter Urban BusViva Bus
TO,VKTPASTRAROABUSIUBDURT,PASTRAROABUSIUBDURT,2015,ADEMPASTRAEXIHWROABUSIUBDURT,16.054674554805505,PassengerTransportationRoadInter-city BusesInter Urban BusDurham RT
TO,VKTPASTRAROABUSSCB___,PASTRAROABUSSCB___,2015,ADEMPASTRAEXIHWROABUSSCB___,22.27999999967553,PassengerTransportationRoadInter-city BusesSchool Bus
TO,VKTPASTRAROACAR___RSH,PASTRAROACAR___RSH,2015,ADEMPASTRAEXIHWROACAR___RSH,2.0,PassengerTransportationRoadCarsPaid Ridershare
TO,VKTPASTRAROACAR___TAX,PASTRAROACAR___TAX,2015,ADEMPASTRAEXIHWROACAR___TAX,1.3,PassengerTransportationRoadCarsTaxi passenger
TO,VKTPASTRAROACAR___ADR,PASTRAROACAR___ADR,2015,ADEMPASTRAEXIHWROACAR___ADR,1.3,PassengerTransportationRoadCarsAuto driver
TO,VKTPASTRAROACAR___APG,PASTRAROACAR___APG,2015,ADEMPASTRAEXIHWROACAR___APG,2.3,PassengerTransportationRoadCarsAuto passenger
TO,VKTPASTRAROATRULGTRSH,PASTRAROATRULGTRSH,2015,ADEMPASTRAEXIHWROATRULGTRSH,2.0,PassengerTransportationRoadTruckPassenger Light TrucksPaid Ridershare
TO,VKTPASTRAROATRULGTTAX,PASTRAROATRULGTTAX,2015,ADEMPASTRAEXIHWROATRULGTTAX,1.3,PassengerTransportationRoadTruckPassenger Light TrucksTaxi passenger
TO,VKTPASTRAROATRULGTADR,PASTRAROATRULGTADR,2015,ADEMPASTRAEXIHWROATRULGTADR,1.3,PassengerTransportationRoadTruckPassenger Light TrucksAuto driver
TO,VKTPASTRAROATRULGTAPG,PASTRAROATRULGTAPG,2015,ADEMPASTRAEXIHWROATRULGTAPG,2.3,PassengerTransportationRoadTruckPassenger Light TrucksAuto passenger
TO,VKTPASTRAROAMOR______,PASTRAROAMOR______,2015,ADEMPASTRAEXIHWROAMOR______,1.0,PassengerTransportationRoadMotorcycles
TO,VKTPASTRAROAWAL______,PASTRAROAWAL______,2015,ADEMPASTRAEXIHWROAWAL______,1.0,PassengerTransportationRoadWalk
TO,VKTPASTRAROABIK______,PASTRAROABIK______,2015,ADEMPASTRAEXIHWROABIK______,1.0,PassengerTransportationRoadBicycle
TO,VKTPASTRARAIREG___GOR,PASTRARAIREG___GOR,2015,ADEMPASTRAEXIHSRAIREG___GOR,357.26923070863876,PassengerTransportationRailRegionalGO rail
TO,VKTPASTRARAIREG___UPX,PASTRARAIREG___UPX,2015,ADEMPASTRAEXIHSRAIREG___UPX,34.18890910526983,PassengerTransportationRailRegionalUp Express
TO,VKTPASTRARAISUB___TSU,PASTRARAISUB___TSU,2015,ADEMPASTRAEXIHSRAISUB___TSU,20.100092369789383,PassengerTransportationRailSubwaySubway
TO,VKTPASTRARAITRM___TST,PASTRARAITRM___TST,2015,ADEMPASTRAEXIHSRAITRM___TST,15.75248148988854,PassengerTransportationRailTramwayStreetcar
TO,VKTPASTRAROABUSIUBGOB,PASTRAROABUSIUBGOB,2015,ADEMPASTRAEXIHSROABUSIUBGOB,36.246177872165376,PassengerTransportationRoadInter-city BusesInter Urban BusGo Bus
TO,VKTPASTRAROABUSURBTBU,PASTRAROABUSURBTBU,2015,ADEMPASTRAEXIHSROABUSURBTBU,11.329827923000433,PassengerTransportationRoadInter-city BusesUrban Bus TTC Bus
TO,VKTPASTRAROABUSURBWTB,PASTRAROABUSURBWTB,2015,ADEMPASTRAEXIHSROABUSURBWTB,1.0031329859060416,PassengerTransportationRoadInter-city BusesUrban Bus TTC Wheel trans para
TO,VKTPASTRAROABUSIUBMWAY,PASTRAROABUSIUBMWAY,2015,ADEMPASTRAEXIHSROABUSIUBMWAY,32.66388337354911,PassengerTransportationRoadInter-city BusesInter Urban BusMiway Bus
TO,VKTPASTRAROABUSIUBVIVA,PASTRAROABUSIUBVIVA,2015,ADEMPASTRAEXIHSROABUSIUBVIVA,31.463168391230585,PassengerTransportationRoadInter-city BusesInter Urban BusViva Bus
TO,VKTPASTRAROABUSIUBDURT,PASTRAROABUSIUBDURT,2015,ADEMPASTRAEXIHSROABUSIUBDURT,16.054674554805505,PassengerTransportationRoadInter-city BusesInter Urban BusDurham RT
TO,VKTPASTRAROABUSSCB___,PASTRAROABUSSCB___,2015,ADEMPASTRAEXIHSROABUSSCB___,22.27999999967553,PassengerTransportationRoadInter-city BusesSchool Bus
TO,VKTPASTRAROACAR___RSH,PASTRAROACAR___RSH,2015,ADEMPASTRAEXIHSROACAR___RSH,2.0,PassengerTransportationRoadCarsPaid Ridershare
TO,VKTPASTRAROACAR___TAX,PASTRAROACAR___TAX,2015,ADEMPASTRAEXIHSROACAR___TAX,1.3,PassengerTransportationRoadCarsTaxi passenger
TO,VKTPASTRAROACAR___ADR,PASTRAROACAR___ADR,2015,ADEMPASTRAEXIHSROACAR___ADR,1.3,PassengerTransportationRoadCarsAuto driver
TO,VKTPASTRAROACAR___APG,PASTRAROACAR___APG,2015,ADEMPASTRAEXIHSROACAR___APG,2.3,PassengerTransportationRoadCarsAuto passenger
TO,VKTPASTRAROATRULGTRSH,PASTRAROATRULGTRSH,2015,ADEMPASTRAEXIHSROATRULGTRSH,2.0,PassengerTransportationRoadTruckPassenger Light TrucksPaid Ridershare
TO,VKTPASTRAROATRULGTTAX,PASTRAROATRULGTTAX,2015,ADEMPASTRAEXIHSROATRULGTTAX,1.3,PassengerTransportationRoadTruckPassenger Light TrucksTaxi passenger
TO,VKTPASTRAROATRULGTADR,PASTRAROATRULGTADR,2015,ADEMPASTRAEXIHSROATRULGTADR,1.3,PassengerTransportationRoadTruckPassenger Light TrucksAuto driver
TO,VKTPASTRAROATRULGTAPG,PASTRAROATRULGTAPG,2015,ADEMPASTRAEXIHSROATRULGTAPG,2.3,PassengerTransportationRoadTruckPassenger Light TrucksAuto passenger
TO,VKTPASTRAROAMOR______,PASTRAROAMOR______,2015,ADEMPASTRAEXIHSROAMOR______,1.0,PassengerTransportationRoadMotorcycles
TO,VKTPASTRAROAWAL______,PASTRAROAWAL______,2015,ADEMPASTRAEXIHSROAWAL______,1.0,PassengerTransportationRoadWalk
TO,VKTPASTRAROABIK______,PASTRAROABIK______,2015,ADEMPASTRAEXIHSROABIK______,1.0,PassengerTransportationRoadBicycle
TO,VKTPASTRARAIREG___GOR,PASTRARAIREG___GOR,2015,ADEMPASTRAEXIHORAIREG___GOR,357.26923070863876,PassengerTransportationRailRegionalGO rail
TO,VKTPASTRARAIREG___UPX,PASTRARAIREG___UPX,2015,ADEMPASTRAEXIHORAIREG___UPX,34.18890910526983,PassengerTransportationRailRegionalUp Express
TO,VKTPASTRARAISUB___TSU,PASTRARAISUB___TSU,2015,ADEMPASTRAEXIHORAISUB___TSU,20.100092369789383,PassengerTransportationRailSubwaySubway
TO,VKTPASTRARAITRM___TST,PASTRARAITRM___TST,2015,ADEMPASTRAEXIHORAITRM___TST,15.75248148988854,PassengerTransportationRailTramwayStreetcar
TO,VKTPASTRAROABUSIUBGOB,PASTRAROABUSIUBGOB,2015,ADEMPASTRAEXIHOROABUSIUBGOB,36.246177872165376,PassengerTransportationRoadInter-city BusesInter Urban BusGo Bus
TO,VKTPASTRAROABUSURBTBU,PASTRAROABUSURBTBU,2015,ADEMPASTRAEXIHOROABUSURBTBU,11.329827923000433,PassengerTransportationRoadInter-city BusesUrban Bus TTC Bus
TO,VKTPASTRAROABUSURBWTB,PASTRAROABUSURBWTB,2015,ADEMPASTRAEXIHOROABUSURBWTB,1.0031329859060416,PassengerTransportationRoadInter-city BusesUrban Bus TTC Wheel trans para
TO,VKTPASTRAROABUSIUBMWAY,PASTRAROABUSIUBMWAY,2015,ADEMPASTRAEXIHOROABUSIUBMWAY,32.66388337354911,PassengerTransportationRoadInter-city BusesInter Urban BusMiway Bus
TO,VKTPASTRAROABUSIUBVIVA,PASTRAROABUSIUBVIVA,2015,ADEMPASTRAEXIHOROABUSIUBVIVA,31.463168391230585,PassengerTransportationRoadInter-city BusesInter Urban BusViva Bus
TO,VKTPASTRAROABUSIUBDURT,PASTRAROABUSIUBDURT,2015,ADEMPASTRAEXIHOROABUSIUBDURT,16.054674554805505,PassengerTransportationRoadInter-city BusesInter Urban BusDurham RT
TO,VKTPASTRAROABUSSCB___,PASTRAROABUSSCB___,2015,ADEMPASTRAEXIHOROABUSSCB___,22.27999999967553,PassengerTransportationRoadInter-city BusesSchool Bus
TO,VKTPASTRAROACAR___RSH,PASTRAROACAR___RSH,2015,ADEMPASTRAEXIHOROACAR___RSH,2.0,PassengerTransportationRoadCarsPaid Ridershare
TO,VKTPASTRAROACAR___TAX,PASTRAROACAR___TAX,2015,ADEMPASTRAEXIHOROACAR___TAX,1.3,PassengerTransportationRoadCarsTaxi passenger
TO,VKTPASTRAROACAR___ADR,PASTRAROACAR___ADR,2015,ADEMPASTRAEXIHOROACAR___ADR,1.3,PassengerTransportationRoadCarsAuto driver
TO,VKTPASTRAROACAR___APG,PASTRAROACAR___APG,2015,ADEMPASTRAEXIHOROACAR___APG,2.3,PassengerTransportationRoadCarsAuto passenger
TO,VKTPASTRAROATRULGTRSH,PASTRAROATRULGTRSH,2015,ADEMPASTRAEXIHOROATRULGTRSH,2.0,PassengerTransportationRoadTruckPassenger Light TrucksPaid Ridershare
TO,VKTPASTRAROATRULGTTAX,PASTRAROATRULGTTAX,2015,ADEMPASTRAEXIHOROATRULGTTAX,1.3,PassengerTransportationRoadTruckPassenger Light TrucksTaxi passenger
TO,VKTPASTRAROATRULGTADR,PASTRAROATRULGTADR,2015,ADEMPASTRAEXIHOROATRULGTADR,1.3,PassengerTransportationRoadTruckPassenger Light TrucksAuto driver
TO,VKTPASTRAROATRULGTAPG,PASTRAROATRULGTAPG,2015,ADEMPASTRAEXIHOROATRULGTAPG,2.3,PassengerTransportationRoadTruckPassenger Light TrucksAuto passenger
TO,VKTPASTRAROAMOR______,PASTRAROAMOR______,2015,ADEMPASTRAEXIHOROAMOR______,1.0,PassengerTransportationRoadMotorcycles
TO,VKTPASTRAROAWAL______,PASTRAROAWAL______,2015,ADEMPASTRAEXIHOROAWAL______,1.0,PassengerTransportationRoadWalk
TO,VKTPASTRAROABIK______,PASTRAROABIK______,2015,ADEMPASTRAEXIHOROABIK______,1.0,PassengerTransportationRoadBicycle
TO,VKTPASTRARAIREG___GOR,PASTRARAIREG___GOR,2015,ADEMPASTRAEXINHRAIREG___GOR,357.26923070863876,PassengerTransportationRailRegionalGO rail
TO,VKTPASTRARAIREG___UPX,PASTRARAIREG___UPX,2015,ADEMPASTRAEXINHRAIREG___UPX,34.18890910526983,PassengerTransportationRailRegionalUp Express
TO,VKTPASTRARAISUB___TSU,PASTRARAISUB___TSU,2015,ADEMPASTRAEXINHRAISUB___TSU,20.100092369789383,PassengerTransportationRailSubwaySubway
TO,VKTPASTRARAITRM___TST,PASTRARAITRM___TST,2015,ADEMPASTRAEXINHRAITRM___TST,15.75248148988854,PassengerTransportationRailTramwayStreetcar
TO,VKTPASTRAROABUSIUBGOB,PASTRAROABUSIUBGOB,2015,ADEMPASTRAEXINHROABUSIUBGOB,36.246177872165376,PassengerTransportationRoadInter-city BusesInter Urban BusGo Bus
TO,VKTPASTRAROABUSURBTBU,PASTRAROABUSURBTBU,2015,ADEMPASTRAEXINHROABUSURBTBU,11.329827923000433,PassengerTransportationRoadInter-city BusesUrban Bus TTC Bus
TO,VKTPASTRAROABUSURBWTB,PASTRAROABUSURBWTB,2015,ADEMPASTRAEXINHROABUSURBWTB,1.0031329859060416,PassengerTransportationRoadInter-city BusesUrban Bus TTC Wheel trans para
TO,VKTPASTRAROABUSIUBMWAY,PASTRAROABUSIUBMWAY,2015,ADEMPASTRAEXINHROABUSIUBMWAY,32.66388337354911,PassengerTransportationRoadInter-city BusesInter Urban BusMiway Bus
TO,VKTPASTRAROABUSIUBVIVA,PASTRAROABUSIUBVIVA,2015,ADEMPASTRAEXINHROABUSIUBVIVA,31.463168391230585,PassengerTransportationRoadInter-city BusesInter Urban BusViva Bus
TO,VKTPASTRAROABUSIUBDURT,PASTRAROABUSIUBDURT,2015,ADEMPASTRAEXINHROABUSIUBDURT,16.054674554805505,PassengerTransportationRoadInter-city BusesInter Urban BusDurham RT
TO,VKTPASTRAROABUSSCB___,PASTRAROABUSSCB___,2015,ADEMPASTRAEXINHROABUSSCB___,22.27999999967553,PassengerTransportationRoadInter-city BusesSchool Bus
TO,VKTPASTRAROACAR___RSH,PASTRAROACAR___RSH,2015,ADEMPASTRAEXINHROACAR___RSH,2.0,PassengerTransportationRoadCarsPaid Ridershare
TO,VKTPASTRAROACAR___TAX,PASTRAROACAR___TAX,2015,ADEMPASTRAEXINHROACAR___TAX,1.3,PassengerTransportationRoadCarsTaxi passenger
TO,VKTPASTRAROACAR___ADR,PASTRAROACAR___ADR,2015,ADEMPASTRAEXINHROACAR___ADR,1.3,PassengerTransportationRoadCarsAuto driver
TO,VKTPASTRAROACAR___APG,PASTRAROACAR___APG,2015,ADEMPASTRAEXINHROACAR___APG,2.3,PassengerTransportationRoadCarsAuto passenger
TO,VKTPASTRAROATRULGTRSH,PASTRAROATRULGTRSH,2015,ADEMPASTRAEXINHROATRULGTRSH,2.0,PassengerTransportationRoadTruckPassenger Light TrucksPaid Ridershare
TO,VKTPASTRAROATRULGTTAX,PASTRAROATRULGTTAX,2015,ADEMPASTRAEXINHROATRULGTTAX,1.3,PassengerTransportationRoadTruckPassenger Light TrucksTaxi passenger
TO,VKTPASTRAROATRULGTADR,PASTRAROATRULGTADR,2015,ADEMPASTRAEXINHROATRULGTADR,1.3,PassengerTransportationRoadTruckPassenger Light TrucksAuto driver
TO,VKTPASTRAROATRULGTAPG,PASTRAROATRULGTAPG,2015,ADEMPASTRAEXINHROATRULGTAPG,2.3,PassengerTransportationRoadTruckPassenger Light TrucksAuto passenger
TO,VKTPASTRAROAMOR______,PASTRAROAMOR______,2015,ADEMPASTRAEXINHROAMOR______,1.0,PassengerTransportationRoadMotorcycles
TO,VKTPASTRAROAWAL______,PASTRAROAWAL______,2015,ADEMPASTRAEXINHROAWAL______,1.0,PassengerTransportationRoadWalk
TO,VKTPASTRAROABIK______,PASTRAROABIK______,2015,ADEMPASTRAEXINHROABIK______,1.0,PassengerTransportationRoadBicycle
TO,VKTPASTRARAIREG___GOR,PASTRARAIREG___GOR,2015,ADEMPASTRAEXOHWRAIREG___GOR,357.26923070863876,PassengerTransportationRailRegionalGO rail
TO,VKTPASTRARAIREG___UPX,PASTRARAIREG___UPX,2015,ADEMPASTRAEXOHWRAIREG___UPX,34.18890910526983,PassengerTransportationRailRegionalUp Express
TO,VKTPASTRARAISUB___TSU,PASTRARAISUB___TSU,2015,ADEMPASTRAEXOHWRAISUB___TSU,20.100092369789383,PassengerTransportationRailSubwaySubway
TO,VKTPASTRARAITRM___TST,PASTRARAITRM___TST,2015,ADEMPASTRAEXOHWRAITRM___TST,15.75248148988854,PassengerTransportationRailTramwayStreetcar
TO,VKTPASTRAROABUSIUBGOB,PASTRAROABUSIUBGOB,2015,ADEMPASTRAEXOHWROABUSIUBGOB,36.246177872165376,PassengerTransportationRoadInter-city BusesInter Urban BusGo Bus
TO,VKTPASTRAROABUSURBTBU,PASTRAROABUSURBTBU,2015,ADEMPASTRAEXOHWROABUSURBTBU,11.329827923000433,PassengerTransportationRoadInter-city BusesUrban Bus TTC Bus
TO,VKTPASTRAROABUSURBWTB,PASTRAROABUSURBWTB,2015,ADEMPASTRAEXOHWROABUSURBWTB,1.0031329859060416,PassengerTransportationRoadInter-city BusesUrban Bus TTC Wheel trans para
TO,VKTPASTRAROABUSIUBMWAY,PASTRAROABUSIUBMWAY,2015,ADEMPASTRAEXOHWROABUSIUBMWAY,32.66388337354911,PassengerTransportationRoadInter-city BusesInter Urban BusMiway Bus
TO,VKTPASTRAROABUSIUBVIVA,PASTRAROABUSIUBVIVA,2015,ADEMPASTRAEXOHWROABUSIUBVIVA,31.463168391230585,PassengerTransportationRoadInter-city BusesInter Urban BusViva Bus
TO,VKTPASTRAROABUSIUBDURT,PASTRAROABUSIUBDURT,2015,ADEMPASTRAEXOHWROABUSIUBDURT,16.054674554805505,PassengerTransportationRoadInter-city BusesInter Urban BusDurham RT
TO,VKTPASTRAROABUSSCB___,PASTRAROABUSSCB___,2015,ADEMPASTRAEXOHWROABUSSCB___,22.27999999967553,PassengerTransportationRoadInter-city BusesSchool Bus
TO,VKTPASTRAROACAR___RSH,PASTRAROACAR___RSH,2015,ADEMPASTRAEXOHWROACAR___RSH,2.0,PassengerTransportationRoadCarsPaid Ridershare
TO,VKTPASTRAROACAR___TAX,PASTRAROACAR___TAX,2015,ADEMPASTRAEXOHWROACAR___TAX,1.3,PassengerTransportationRoadCarsTaxi passenger
TO,VKTPASTRAROACAR___ADR,PASTRAROACAR___ADR,2015,ADEMPASTRAEXOHWROACAR___ADR,1.3,PassengerTransportationRoadCarsAuto driver
TO,VKTPASTRAROACAR___APG,PASTRAROACAR___APG,2015,ADEMPASTRAEXOHWROACAR___APG,2.3,PassengerTransportationRoadCarsAuto passenger
TO,VKTPASTRAROATRULGTRSH,PASTRAROATRULGTRSH,2015,ADEMPASTRAEXOHWROATRULGTRSH,2.0,PassengerTransportationRoadTruckPassenger Light TrucksPaid Ridershare
TO,VKTPASTRAROATRULGTTAX,PASTRAROATRULGTTAX,2015,ADEMPASTRAEXOHWROATRULGTTAX,1.3,PassengerTransportationRoadTruckPassenger Light TrucksTaxi passenger
TO,VKTPASTRAROATRULGTADR,PASTRAROATRULGTADR,2015,ADEMPASTRAEXOHWROATRULGTADR,1.3,PassengerTransportationRoadTruckPassenger Light TrucksAuto driver
TO,VKTPASTRAROATRULGTAPG,PASTRAROATRULGTAPG,2015,ADEMPASTRAEXOHWROATRULGTAPG,2.3,PassengerTransportationRoadTruckPassenger Light TrucksAuto passenger
TO,VKTPASTRAROAMOR______,PASTRAROAMOR______,2015,ADEMPASTRAEXOHWROAMOR______,1.0,PassengerTransportationRoadMotorcycles
TO,VKTPASTRAROAWAL______,PASTRAROAWAL______,2015,ADEMPASTRAEXOHWROAWAL______,1.0,PassengerTransportationRoadWalk
TO,VKTPASTRAROABIK______,PASTRAROABIK______,2015,ADEMPASTRAEXOHWROABIK______,1.0,PassengerTransportationRoadBicycle
TO,VKTPASTRARAIREG___GOR,PASTRARAIREG___GOR,2015,ADEMPASTRAEXOHSRAIREG___GOR,357.26923070863876,PassengerTransportationRailRegionalGO rail
TO,VKTPASTRARAIREG___UPX,PASTRARAIREG___UPX,2015,ADEMPASTRAEXOHSRAIREG___UPX,34.18890910526983,PassengerTransportationRailRegionalUp Express
TO,VKTPASTRARAISUB___TSU,PASTRARAISUB___TSU,2015,ADEMPASTRAEXOHSRAISUB___TSU,20.100092369789383,PassengerTransportationRailSubwaySubway
TO,VKTPASTRARAITRM___TST,PASTRARAITRM___TST,2015,ADEMPASTRAEXOHSRAITRM___TST,15.75248148988854,PassengerTransportationRailTramwayStreetcar
TO,VKTPASTRAROABUSIUBGOB,PASTRAROABUSIUBGOB,2015,ADEMPASTRAEXOHSROABUSIUBGOB,36.246177872165376,PassengerTransportationRoadInter-city BusesInter Urban BusGo Bus
TO,VKTPASTRAROABUSURBTBU,PASTRAROABUSURBTBU,2015,ADEMPASTRAEXOHSROABUSURBTBU,11.329827923000433,PassengerTransportationRoadInter-city BusesUrban Bus TTC Bus
TO,VKTPASTRAROABUSURBWTB,PASTRAROABUSURBWTB,2015,ADEMPASTRAEXOHSROABUSURBWTB,1.0031329859060416,PassengerTransportationRoadInter-city BusesUrban Bus TTC Wheel trans para
TO,VKTPASTRAROABUSIUBMWAY,PASTRAROABUSIUBMWAY,2015,ADEMPASTRAEXOHSROABUSIUBMWAY,32.66388337354911,PassengerTransportationRoadInter-city BusesInter Urban BusMiway Bus
TO,VKTPASTRAROABUSIUBVIVA,PASTRAROABUSIUBVIVA,2015,ADEMPASTRAEXOHSROABUSIUBVIVA,31.463168391230585,PassengerTransportationRoadInter-city BusesInter Urban BusViva Bus
TO,VKTPASTRAROABUSIUBDURT,PASTRAROABUSIUBDURT,2015,ADEMPASTRAEXOHSROABUSIUBDURT,16.054674554805505,PassengerTransportationRoadInter-city BusesInter Urban BusDurham RT
TO,VKTPASTRAROABUSSCB___,PASTRAROABUSSCB___,2015,ADEMPASTRAEXOHSROABUSSCB___,22.27999999967553,PassengerTransportationRoadInter-city BusesSchool Bus
TO,VKTPASTRAROACAR___RSH,PASTRAROACAR___RSH,2015,ADEMPASTRAEXOHSROACAR___RSH,2.0,PassengerTransportationRoadCarsPaid Ridershare
TO,VKTPASTRAROACAR___TAX,PASTRAROACAR___TAX,2015,ADEMPASTRAEXOHSROACAR___TAX,1.3,PassengerTransportationRoadCarsTaxi passenger
TO,VKTPASTRAROACAR___ADR,PASTRAROACAR___ADR,2015,ADEMPASTRAEXOHSROACAR___ADR,1.3,PassengerTransportationRoadCarsAuto driver
TO,VKTPASTRAROACAR___APG,PASTRAROACAR___APG,2015,ADEMPASTRAEXOHSROACAR___APG,2.3,PassengerTransportationRoadCarsAuto passenger
TO,VKTPASTRAROATRULGTRSH,PASTRAROATRULGTRSH,2015,ADEMPASTRAEXOHSROATRULGTRSH,2.0,PassengerTransportationRoadTruckPassenger Light TrucksPaid Ridershare
TO,VKTPASTRAROATRULGTTAX,PASTRAROATRULGTTAX,2015,ADEMPASTRAEXOHSROATRULGTTAX,1.3,PassengerTransportationRoadTruckPassenger Light TrucksTaxi passenger
TO,VKTPASTRAROATRULGTADR,PASTRAROATRULGTADR,2015,ADEMPASTRAEXOHSROATRULGTADR,1.3,PassengerTransportationRoadTruckPassenger Light TrucksAuto driver
TO,VKTPASTRAROATRULGTAPG,PASTRAROATRULGTAPG,2015,ADEMPASTRAEXOHSROATRULGTAPG,2.3,PassengerTransportationRoadTruckPassenger Light TrucksAuto passenger
TO,VKTPASTRAROAMOR______,PASTRAROAMOR______,2015,ADEMPASTRAEXOHSROAMOR______,1.0,PassengerTransportationRoadMotorcycles
TO,VKTPASTRAROAWAL______,PASTRAROAWAL______,2015,ADEMPASTRAEXOHSROAWAL______,1.0,PassengerTransportationRoadWalk
TO,VKTPASTRAROABIK______,PASTRAROABIK______,2015,ADEMPASTRAEXOHSROABIK______,1.0,PassengerTransportationRoadBicycle
TO,VKTPASTRARAIREG___GOR,PASTRARAIREG___GOR,2015,ADEMPASTRAEXOHORAIREG___GOR,357.26923070863876,PassengerTransportationRailRegionalGO rail
TO,VKTPASTRARAIREG___UPX,PASTRARAIREG___UPX,2015,ADEMPASTRAEXOHORAIREG___UPX,34.18890910526983,PassengerTransportationRailRegionalUp Express
TO,VKTPASTRARAISUB___TSU,PASTRARAISUB___TSU,2015,ADEMPASTRAEXOHORAISUB___TSU,20.100092369789383,PassengerTransportationRailSubwaySubway
TO,VKTPASTRARAITRM___TST,PASTRARAITRM___TST,2015,ADEMPASTRAEXOHORAITRM___TST,15.75248148988854,PassengerTransportationRailTramwayStreetcar
TO,VKTPASTRAROABUSIUBGOB,PASTRAROABUSIUBGOB,2015,ADEMPASTRAEXOHOROABUSIUBGOB,36.246177872165376,PassengerTransportationRoadInter-city BusesInter Urban BusGo Bus
TO,VKTPASTRAROABUSURBTBU,PASTRAROABUSURBTBU,2015,ADEMPASTRAEXOHOROABUSURBTBU,11.329827923000433,PassengerTransportationRoadInter-city BusesUrban Bus TTC Bus
TO,VKTPASTRAROABUSURBWTB,PASTRAROABUSURBWTB,2015,ADEMPASTRAEXOHOROABUSURBWTB,1.0031329859060416,PassengerTransportationRoadInter-city BusesUrban Bus TTC Wheel trans para
TO,VKTPASTRAROABUSIUBMWAY,PASTRAROABUSIUBMWAY,2015,ADEMPASTRAEXOHOROABUSIUBMWAY,32.66388337354911,PassengerTransportationRoadInter-city BusesInter Urban BusMiway Bus
TO,VKTPASTRAROABUSIUBVIVA,PASTRAROABUSIUBVIVA,2015,ADEMPASTRAEXOHOROABUSIUBVIVA,31.463168391230585,PassengerTransportationRoadInter-city BusesInter Urban BusViva Bus
TO,VKTPASTRAROABUSIUBDURT,PASTRAROABUSIUBDURT,2015,ADEMPASTRAEXOHOROABUSIUBDURT,16.054674554805505,PassengerTransportationRoadInter-city BusesInter Urban BusDurham RT
TO,VKTPASTRAROABUSSCB___,PASTRAROABUSSCB___,2015,ADEMPASTRAEXOHOROABUSSCB___,22.27999999967553,PassengerTransportationRoadInter-city BusesSchool Bus
TO,VKTPASTRAROACAR___RSH,PASTRAROACAR___RSH,2015,ADEMPASTRAEXOHOROACAR___RSH,2.0,PassengerTransportationRoadCarsPaid Ridershare
TO,VKTPASTRAROACAR___TAX,PASTRAROACAR___TAX,2015,ADEMPASTRAEXOHOROACAR___TAX,1.3,PassengerTransportationRoadCarsTaxi passenger
TO,VKTPASTRAROACAR___ADR,PASTRAROACAR___ADR,2015,ADEMPASTRAEXOHOROACAR___ADR,1.3,PassengerTransportationRoadCarsAuto driver
TO,VKTPASTRAROACAR___APG,PASTRAROACAR___APG,2015,ADEMPASTRAEXOHOROACAR___APG,2.3,PassengerTransportationRoadCarsAuto passenger
TO,VKTPASTRAROATRULGTRSH,PASTRAROATRULGTRSH,2015,ADEMPASTRAEXOHOROATRULGTRSH,2.0,PassengerTransportationRoadTruckPassenger Light TrucksPaid Ridershare
TO,VKTPASTRAROATRULGTTAX,PASTRAROATRULGTTAX,2015,ADEMPASTRAEXOHOROATRULGTTAX,1.3,PassengerTransportationRoadTruckPassenger Light TrucksTaxi passenger
TO,VKTPASTRAROATRULGTADR,PASTRAROATRULGTADR,2015,ADEMPASTRAEXOHOROATRULGTADR,1.3,PassengerTransportationRoadTruckPassenger Light TrucksAuto driver
TO,VKTPASTRAROATRULGTAPG,PASTRAROATRULGTAPG,2015,ADEMPASTRAEXOHOROATRULGTAPG,2.3,PassengerTransportationRoadTruckPassenger Light TrucksAuto passenger
TO,VKTPASTRAROAMOR______,PASTRAROAMOR______,2015,ADEMPASTRAEXOHOROAMOR______,1.0,PassengerTransportationRoadMotorcycles
TO,VKTPASTRAROAWAL______,PASTRAROAWAL______,2015,ADEMPASTRAEXOHOROAWAL______,1.0,PassengerTransportationRoadWalk
TO,VKTPASTRAROABIK______,PASTRAROABIK______,2015,ADEMPASTRAEXOHOROABIK______,1.0,PassengerTransportationRoadBicycle
TO,VKTPASTRARAIREG___GOR,PASTRARAIREG___GOR,2015,ADEMPASTRAEXONHRAIREG___GOR,357.26923070863876,PassengerTransportationRailRegionalGO rail
TO,VKTPASTRARAIREG___UPX,PASTRARAIREG___UPX,2015,ADEMPASTRAEXONHRAIREG___UPX,34.18890910526983,PassengerTransportationRailRegionalUp Express
TO,VKTPASTRARAISUB___TSU,PASTRARAISUB___TSU,2015,ADEMPASTRAEXONHRAISUB___TSU,20.100092369789383,PassengerTransportationRailSubwaySubway
TO,VKTPASTRARAITRM___TST,PASTRARAITRM___TST,2015,ADEMPASTRAEXONHRAITRM___TST,15.75248148988854,PassengerTransportationRailTramwayStreetcar
TO,VKTPASTRAROABUSIUBGOB,PASTRAROABUSIUBGOB,2015,ADEMPASTRAEXONHROABUSIUBGOB,36.246177872165376,PassengerTransportationRoadInter-city BusesInter Urban BusGo Bus
TO,VKTPASTRAROABUSURBTBU,PASTRAROABUSURBTBU,2015,ADEMPASTRAEXONHROABUSURBTBU,11.329827923000433,PassengerTransportationRoadInter-city BusesUrban Bus TTC Bus
TO,VKTPASTRAROABUSURBWTB,PASTRAROABUSURBWTB,2015,ADEMPASTRAEXONHROABUSURBWTB,1.0031329859060416,PassengerTransportationRoadInter-city BusesUrban Bus TTC Wheel trans para
TO,VKTPASTRAROABUSIUBMWAY,PASTRAROABUSIUBMWAY,2015,ADEMPASTRAEXONHROABUSIUBMWAY,32.66388337354911,PassengerTransportationRoadInter-city BusesInter Urban BusMiway Bus
TO,VKTPASTRAROABUSIUBVIVA,PASTRAROABUSIUBVIVA,2015,ADEMPASTRAEXONHROABUSIUBVIVA,31.463168391230585,PassengerTransportationRoadInter-city BusesInter Urban BusViva Bus
TO,VKTPASTRAROABUSIUBDURT,PASTRAROABUSIUBDURT,2015,ADEMPASTRAEXONHROABUSIUBDURT,16.054674554805505,PassengerTransportationRoadInter-city BusesInter Urban BusDurham RT
TO,VKTPASTRAROABUSSCB___,PASTRAROABUSSCB___,2015,ADEMPASTRAEXONHROABUSSCB___,22.27999999967553,PassengerTransportationRoadInter-city BusesSchool Bus
TO,VKTPASTRAROACAR___RSH,PASTRAROACAR___RSH,2015,ADEMPASTRAEXONHROACAR___RSH,2.0,PassengerTransportationRoadCarsPaid Ridershare
TO,VKTPASTRAROACAR___TAX,PASTRAROACAR___TAX,2015,ADEMPASTRAEXONHROACAR___TAX,1.3,PassengerTransportationRoadCarsTaxi passenger
TO,VKTPASTRAROACAR___ADR,PASTRAROACAR___ADR,2015,ADEMPASTRAEXONHROACAR___ADR,1.3,PassengerTransportationRoadCarsAuto driver
TO,VKTPASTRAROACAR___APG,PASTRAROACAR___APG,2015,ADEMPASTRAEXONHROACAR___APG,2.3,PassengerTransportationRoadCarsAuto passenger
TO,VKTPASTRAROATRULGTRSH,PASTRAROATRULGTRSH,2015,ADEMPASTRAEXONHROATRULGTRSH,2.0,PassengerTransportationRoadTruckPassenger Light TrucksPaid Ridershare
TO,VKTPASTRAROATRULGTTAX,PASTRAROATRULGTTAX,2015,ADEMPASTRAEXONHROATRULGTTAX,1.3,PassengerTransportationRoadTruckPassenger Light TrucksTaxi passenger
TO,VKTPASTRAROATRULGTADR,PASTRAROATRULGTADR,2015,ADEMPASTRAEXONHROATRULGTADR,1.3,PassengerTransportationRoadTruckPassenger Light TrucksAuto driver
TO,VKTPASTRAROATRULGTAPG,PASTRAROATRULGTAPG,2015,ADEMPASTRAEXONHROATRULGTAPG,2.3,PassengerTransportationRoadTruckPassenger Light TrucksAuto passenger
TO,VKTPASTRAROAMOR______,PASTRAROAMOR______,2015,ADEMPASTRAEXONHROAMOR______,1.0,PassengerTransportationRoadMotorcycles
TO,VKTPASTRAROAWAL______,PASTRAROAWAL______,2015,ADEMPASTRAEXONHROAWAL______,1.0,PassengerTransportationRoadWalk
TO,VKTPASTRAROABIK______,PASTRAROABIK______,2015,ADEMPASTRAEXONHROABIK______,1.0,PassengerTransportationRoadBicycle
