regions,periods,input_comm,tech,TIS,ti_split_notes
TO,2016,WATWASNGA,WATWASWWABGASERKSTDMENE_23,0.8,WaterWasteWaste waterAhsbridges Bay Wastewater Treatment PlantTons to EnergyGasificationEnerkemStandard EfficiencyMix Energy
TO,2016,WATWASELC,WATWASWWABGASERKSTDMENE_23,0.2,WaterWasteWaste waterAhsbridges Bay Wastewater Treatment PlantTons to EnergyGasificationEnerkemStandard EfficiencyMix Energy
TO,2016,WATWASNGA,WATWASWWABADIPUB___MENE_23,0.8,WaterWasteWaste waterAhsbridges Bay Wastewater Treatment PlantTons to EnergyAnaerobic DigesterPublicMix Energy
TO,2016,WATWASELC,WATWASWWABADIPUB___MENE_23,0.2,WaterWasteWaste waterAhsbridges Bay Wastewater Treatment PlantTons to EnergyAnaerobic DigesterPublicMix Energy
TO,2016,WATWASNGA,WATWASWWHBGASERKSTDMENE_23,0.8,WaterWasteWaste waterHumber Wastewater Treatment PlantTons to EnergyGasificationEnerkemStandard EfficiencyMix Energy
TO,2016,WATWASELC,WATWASWWHBGASERKSTDMENE_23,0.2,WaterWasteWaste waterHumber Wastewater Treatment PlantTons to EnergyGasificationEnerkemStandard EfficiencyMix Energy
TO,2016,WATWASNGA,WATWASWWHBADIPUB___MENE_23,0.8,WaterWasteWaste waterHumber Wastewater Treatment PlantTons to EnergyAnaerobic DigesterPublicMix Energy
TO,2016,WATWASELC,WATWASWWHBADIPUB___MENE_23,0.2,WaterWasteWaste waterHumber Wastewater Treatment PlantTons to EnergyAnaerobic DigesterPublicMix Energy
TO,2016,WATWASNGA,WATWASWWHCGASERKSTDMENE_23,0.8,WaterWasteWaste waterHighland Creek Waterwater Treatment PlantTons to EnergyGasificationEnerkemStandard EfficiencyMix Energy
TO,2016,WATWASELC,WATWASWWHCGASERKSTDMENE_23,0.2,WaterWasteWaste waterHighland Creek Waterwater Treatment PlantTons to EnergyGasificationEnerkemStandard EfficiencyMix Energy
TO,2016,WATWASNGA,WATWASWWHCADIPUB___MENE_23,0.8,WaterWasteWaste waterHighland Creek Waterwater Treatment PlantTons to EnergyAnaerobic DigesterPublicMix Energy
TO,2016,WATWASELC,WATWASWWHCADIPUB___MENE_23,0.2,WaterWasteWaste waterHighland Creek Waterwater Treatment PlantTons to EnergyAnaerobic DigesterPublicMix Energy
TO,2017,WATWASNGA,WATWASWWABGASERKSTDMENE_23,0.8,WaterWasteWaste waterAhsbridges Bay Wastewater Treatment PlantTons to EnergyGasificationEnerkemStandard EfficiencyMix Energy
TO,2017,WATWASELC,WATWASWWABGASERKSTDMENE_23,0.2,WaterWasteWaste waterAhsbridges Bay Wastewater Treatment PlantTons to EnergyGasificationEnerkemStandard EfficiencyMix Energy
TO,2017,WATWASNGA,WATWASWWABADIPUB___MENE_23,0.8,WaterWasteWaste waterAhsbridges Bay Wastewater Treatment PlantTons to EnergyAnaerobic DigesterPublicMix Energy
TO,2017,WATWASELC,WATWASWWABADIPUB___MENE_23,0.2,WaterWasteWaste waterAhsbridges Bay Wastewater Treatment PlantTons to EnergyAnaerobic DigesterPublicMix Energy
TO,2017,WATWASNGA,WATWASWWHBGASERKSTDMENE_23,0.8,WaterWasteWaste waterHumber Wastewater Treatment PlantTons to EnergyGasificationEnerkemStandard EfficiencyMix Energy
TO,2017,WATWASELC,WATWASWWHBGASERKSTDMENE_23,0.2,WaterWasteWaste waterHumber Wastewater Treatment PlantTons to EnergyGasificationEnerkemStandard EfficiencyMix Energy
TO,2017,WATWASNGA,WATWASWWHBADIPUB___MENE_23,0.8,WaterWasteWaste waterHumber Wastewater Treatment PlantTons to EnergyAnaerobic DigesterPublicMix Energy
TO,2017,WATWASELC,WATWASWWHBADIPUB___MENE_23,0.2,WaterWasteWaste waterHumber Wastewater Treatment PlantTons to EnergyAnaerobic DigesterPublicMix Energy
TO,2017,WATWASNGA,WATWASWWHCGASERKSTDMENE_23,0.8,WaterWasteWaste waterHighland Creek Waterwater Treatment PlantTons to EnergyGasificationEnerkemStandard EfficiencyMix Energy
TO,2017,WATWASELC,WATWASWWHCGASERKSTDMENE_23,0.2,WaterWasteWaste waterHighland Creek Waterwater Treatment PlantTons to EnergyGasificationEnerkemStandard EfficiencyMix Energy
TO,2017,WATWASNGA,WATWASWWHCADIPUB___MENE_23,0.8,WaterWasteWaste waterHighland Creek Waterwater Treatment PlantTons to EnergyAnaerobic DigesterPublicMix Energy
TO,2017,WATWASELC,WATWASWWHCADIPUB___MENE_23,0.2,WaterWasteWaste waterHighland Creek Waterwater Treatment PlantTons to EnergyAnaerobic DigesterPublicMix Energy
TO,2018,WATWASNGA,WATWASWWABGASERKSTDMENE_23,0.8,WaterWasteWaste waterAhsbridges Bay Wastewater Treatment PlantTons to EnergyGasificationEnerkemStandard EfficiencyMix Energy
TO,2018,WATWASELC,WATWASWWABGASERKSTDMENE_23,0.2,WaterWasteWaste waterAhsbridges Bay Wastewater Treatment PlantTons to EnergyGasificationEnerkemStandard EfficiencyMix Energy
TO,2018,WATWASNGA,WATWASWWABADIPUB___MENE_23,0.8,WaterWasteWaste waterAhsbridges Bay Wastewater Treatment PlantTons to EnergyAnaerobic DigesterPublicMix Energy
TO,2018,WATWASELC,WATWASWWABADIPUB___MENE_23,0.2,WaterWasteWaste waterAhsbridges Bay Wastewater Treatment PlantTons to EnergyAnaerobic DigesterPublicMix Energy
TO,2018,WATWASNGA,WATWASWWHBGASERKSTDMENE_23,0.8,WaterWasteWaste waterHumber Wastewater Treatment PlantTons to EnergyGasificationEnerkemStandard EfficiencyMix Energy
TO,2018,WATWASELC,WATWASWWHBGASERKSTDMENE_23,0.2,WaterWasteWaste waterHumber Wastewater Treatment PlantTons to EnergyGasificationEnerkemStandard EfficiencyMix Energy
TO,2018,WATWASNGA,WATWASWWHBADIPUB___MENE_23,0.8,WaterWasteWaste waterHumber Wastewater Treatment PlantTons to EnergyAnaerobic DigesterPublicMix Energy
TO,2018,WATWASELC,WATWASWWHBADIPUB___MENE_23,0.2,WaterWasteWaste waterHumber Wastewater Treatment PlantTons to EnergyAnaerobic DigesterPublicMix Energy
TO,2018,WATWASNGA,WATWASWWHCGASERKSTDMENE_23,0.8,WaterWasteWaste waterHighland Creek Waterwater Treatment PlantTons to EnergyGasificationEnerkemStandard EfficiencyMix Energy
TO,2018,WATWASELC,WATWASWWHCGASERKSTDMENE_23,0.2,WaterWasteWaste waterHighland Creek Waterwater Treatment PlantTons to EnergyGasificationEnerkemStandard EfficiencyMix Energy
TO,2018,WATWASNGA,WATWASWWHCADIPUB___MENE_23,0.8,WaterWasteWaste waterHighland Creek Waterwater Treatment PlantTons to EnergyAnaerobic DigesterPublicMix Energy
TO,2018,WATWASELC,WATWASWWHCADIPUB___MENE_23,0.2,WaterWasteWaste waterHighland Creek Waterwater Treatment PlantTons to EnergyAnaerobic DigesterPublicMix Energy
TO,2019,WATWASNGA,WATWASWWABGASERKSTDMENE_23,0.8,WaterWasteWaste waterAhsbridges Bay Wastewater Treatment PlantTons to EnergyGasificationEnerkemStandard EfficiencyMix Energy
TO,2019,WATWASELC,WATWASWWABGASERKSTDMENE_23,0.2,WaterWasteWaste waterAhsbridges Bay Wastewater Treatment PlantTons to EnergyGasificationEnerkemStandard EfficiencyMix Energy
TO,2019,WATWASNGA,WATWASWWABADIPUB___MENE_23,0.8,WaterWasteWaste waterAhsbridges Bay Wastewater Treatment PlantTons to EnergyAnaerobic DigesterPublicMix Energy
TO,2019,WATWASELC,WATWASWWABADIPUB___MENE_23,0.2,WaterWasteWaste waterAhsbridges Bay Wastewater Treatment PlantTons to EnergyAnaerobic DigesterPublicMix Energy
TO,2019,WATWASNGA,WATWASWWHBGASERKSTDMENE_23,0.8,WaterWasteWaste waterHumber Wastewater Treatment PlantTons to EnergyGasificationEnerkemStandard EfficiencyMix Energy
TO,2019,WATWASELC,WATWASWWHBGASERKSTDMENE_23,0.2,WaterWasteWaste waterHumber Wastewater Treatment PlantTons to EnergyGasificationEnerkemStandard EfficiencyMix Energy
TO,2019,WATWASNGA,WATWASWWHBADIPUB___MENE_23,0.8,WaterWasteWaste waterHumber Wastewater Treatment PlantTons to EnergyAnaerobic DigesterPublicMix Energy
TO,2019,WATWASELC,WATWASWWHBADIPUB___MENE_23,0.2,WaterWasteWaste waterHumber Wastewater Treatment PlantTons to EnergyAnaerobic DigesterPublicMix Energy
TO,2019,WATWASNGA,WATWASWWHCGASERKSTDMENE_23,0.8,WaterWasteWaste waterHighland Creek Waterwater Treatment PlantTons to EnergyGasificationEnerkemStandard EfficiencyMix Energy
TO,2019,WATWASELC,WATWASWWHCGASERKSTDMENE_23,0.2,WaterWasteWaste waterHighland Creek Waterwater Treatment PlantTons to EnergyGasificationEnerkemStandard EfficiencyMix Energy
TO,2019,WATWASNGA,WATWASWWHCADIPUB___MENE_23,0.8,WaterWasteWaste waterHighland Creek Waterwater Treatment PlantTons to EnergyAnaerobic DigesterPublicMix Energy
TO,2019,WATWASELC,WATWASWWHCADIPUB___MENE_23,0.2,WaterWasteWaste waterHighland Creek Waterwater Treatment PlantTons to EnergyAnaerobic DigesterPublicMix Energy
TO,2020,WATWASNGA,WATWASWWABGASERKSTDMENE_23,0.8,WaterWasteWaste waterAhsbridges Bay Wastewater Treatment PlantTons to EnergyGasificationEnerkemStandard EfficiencyMix Energy
TO,2020,WATWASELC,WATWASWWABGASERKSTDMENE_23,0.2,WaterWasteWaste waterAhsbridges Bay Wastewater Treatment PlantTons to EnergyGasificationEnerkemStandard EfficiencyMix Energy
TO,2020,WATWASNGA,WATWASWWABADIPUB___MENE_23,0.8,WaterWasteWaste waterAhsbridges Bay Wastewater Treatment PlantTons to EnergyAnaerobic DigesterPublicMix Energy
TO,2020,WATWASELC,WATWASWWABADIPUB___MENE_23,0.2,WaterWasteWaste waterAhsbridges Bay Wastewater Treatment PlantTons to EnergyAnaerobic DigesterPublicMix Energy
TO,2020,WATWASNGA,WATWASWWHBGASERKSTDMENE_23,0.8,WaterWasteWaste waterHumber Wastewater Treatment PlantTons to EnergyGasificationEnerkemStandard EfficiencyMix Energy
TO,2020,WATWASELC,WATWASWWHBGASERKSTDMENE_23,0.2,WaterWasteWaste waterHumber Wastewater Treatment PlantTons to EnergyGasificationEnerkemStandard EfficiencyMix Energy
TO,2020,WATWASNGA,WATWASWWHBADIPUB___MENE_23,0.8,WaterWasteWaste waterHumber Wastewater Treatment PlantTons to EnergyAnaerobic DigesterPublicMix Energy
TO,2020,WATWASELC,WATWASWWHBADIPUB___MENE_23,0.2,WaterWasteWaste waterHumber Wastewater Treatment PlantTons to EnergyAnaerobic DigesterPublicMix Energy
TO,2020,WATWASNGA,WATWASWWHCGASERKSTDMENE_23,0.8,WaterWasteWaste waterHighland Creek Waterwater Treatment PlantTons to EnergyGasificationEnerkemStandard EfficiencyMix Energy
TO,2020,WATWASELC,WATWASWWHCGASERKSTDMENE_23,0.2,WaterWasteWaste waterHighland Creek Waterwater Treatment PlantTons to EnergyGasificationEnerkemStandard EfficiencyMix Energy
TO,2020,WATWASNGA,WATWASWWHCADIPUB___MENE_23,0.8,WaterWasteWaste waterHighland Creek Waterwater Treatment PlantTons to EnergyAnaerobic DigesterPublicMix Energy
TO,2020,WATWASELC,WATWASWWHCADIPUB___MENE_23,0.2,WaterWasteWaste waterHighland Creek Waterwater Treatment PlantTons to EnergyAnaerobic DigesterPublicMix Energy
TO,2021,WATWASNGA,WATWASWWABGASERKSTDMENE_23,0.8,WaterWasteWaste waterAhsbridges Bay Wastewater Treatment PlantTons to EnergyGasificationEnerkemStandard EfficiencyMix Energy
TO,2021,WATWASELC,WATWASWWABGASERKSTDMENE_23,0.2,WaterWasteWaste waterAhsbridges Bay Wastewater Treatment PlantTons to EnergyGasificationEnerkemStandard EfficiencyMix Energy
TO,2021,WATWASNGA,WATWASWWABADIPUB___MENE_23,0.8,WaterWasteWaste waterAhsbridges Bay Wastewater Treatment PlantTons to EnergyAnaerobic DigesterPublicMix Energy
TO,2021,WATWASELC,WATWASWWABADIPUB___MENE_23,0.2,WaterWasteWaste waterAhsbridges Bay Wastewater Treatment PlantTons to EnergyAnaerobic DigesterPublicMix Energy
TO,2021,WATWASNGA,WATWASWWHBGASERKSTDMENE_23,0.8,WaterWasteWaste waterHumber Wastewater Treatment PlantTons to EnergyGasificationEnerkemStandard EfficiencyMix Energy
TO,2021,WATWASELC,WATWASWWHBGASERKSTDMENE_23,0.2,WaterWasteWaste waterHumber Wastewater Treatment PlantTons to EnergyGasificationEnerkemStandard EfficiencyMix Energy
TO,2021,WATWASNGA,WATWASWWHBADIPUB___MENE_23,0.8,WaterWasteWaste waterHumber Wastewater Treatment PlantTons to EnergyAnaerobic DigesterPublicMix Energy
TO,2021,WATWASELC,WATWASWWHBADIPUB___MENE_23,0.2,WaterWasteWaste waterHumber Wastewater Treatment PlantTons to EnergyAnaerobic DigesterPublicMix Energy
TO,2021,WATWASNGA,WATWASWWHCGASERKSTDMENE_23,0.8,WaterWasteWaste waterHighland Creek Waterwater Treatment PlantTons to EnergyGasificationEnerkemStandard EfficiencyMix Energy
TO,2021,WATWASELC,WATWASWWHCGASERKSTDMENE_23,0.2,WaterWasteWaste waterHighland Creek Waterwater Treatment PlantTons to EnergyGasificationEnerkemStandard EfficiencyMix Energy
TO,2021,WATWASNGA,WATWASWWHCADIPUB___MENE_23,0.8,WaterWasteWaste waterHighland Creek Waterwater Treatment PlantTons to EnergyAnaerobic DigesterPublicMix Energy
TO,2021,WATWASELC,WATWASWWHCADIPUB___MENE_23,0.2,WaterWasteWaste waterHighland Creek Waterwater Treatment PlantTons to EnergyAnaerobic DigesterPublicMix Energy
TO,2022,WATWASNGA,WATWASWWABGASERKSTDMENE_23,0.8,WaterWasteWaste waterAhsbridges Bay Wastewater Treatment PlantTons to EnergyGasificationEnerkemStandard EfficiencyMix Energy
TO,2022,WATWASELC,WATWASWWABGASERKSTDMENE_23,0.2,WaterWasteWaste waterAhsbridges Bay Wastewater Treatment PlantTons to EnergyGasificationEnerkemStandard EfficiencyMix Energy
TO,2022,WATWASNGA,WATWASWWABADIPUB___MENE_23,0.8,WaterWasteWaste waterAhsbridges Bay Wastewater Treatment PlantTons to EnergyAnaerobic DigesterPublicMix Energy
TO,2022,WATWASELC,WATWASWWABADIPUB___MENE_23,0.2,WaterWasteWaste waterAhsbridges Bay Wastewater Treatment PlantTons to EnergyAnaerobic DigesterPublicMix Energy
TO,2022,WATWASNGA,WATWASWWHBGASERKSTDMENE_23,0.8,WaterWasteWaste waterHumber Wastewater Treatment PlantTons to EnergyGasificationEnerkemStandard EfficiencyMix Energy
TO,2022,WATWASELC,WATWASWWHBGASERKSTDMENE_23,0.2,WaterWasteWaste waterHumber Wastewater Treatment PlantTons to EnergyGasificationEnerkemStandard EfficiencyMix Energy
TO,2022,WATWASNGA,WATWASWWHBADIPUB___MENE_23,0.8,WaterWasteWaste waterHumber Wastewater Treatment PlantTons to EnergyAnaerobic DigesterPublicMix Energy
TO,2022,WATWASELC,WATWASWWHBADIPUB___MENE_23,0.2,WaterWasteWaste waterHumber Wastewater Treatment PlantTons to EnergyAnaerobic DigesterPublicMix Energy
TO,2022,WATWASNGA,WATWASWWHCGASERKSTDMENE_23,0.8,WaterWasteWaste waterHighland Creek Waterwater Treatment PlantTons to EnergyGasificationEnerkemStandard EfficiencyMix Energy
TO,2022,WATWASELC,WATWASWWHCGASERKSTDMENE_23,0.2,WaterWasteWaste waterHighland Creek Waterwater Treatment PlantTons to EnergyGasificationEnerkemStandard EfficiencyMix Energy
TO,2022,WATWASNGA,WATWASWWHCADIPUB___MENE_23,0.8,WaterWasteWaste waterHighland Creek Waterwater Treatment PlantTons to EnergyAnaerobic DigesterPublicMix Energy
TO,2022,WATWASELC,WATWASWWHCADIPUB___MENE_23,0.2,WaterWasteWaste waterHighland Creek Waterwater Treatment PlantTons to EnergyAnaerobic DigesterPublicMix Energy
TO,2023,WATWASNGA,WATWASWWABGASERKSTDMENE_23,0.8,WaterWasteWaste waterAhsbridges Bay Wastewater Treatment PlantTons to EnergyGasificationEnerkemStandard EfficiencyMix Energy
TO,2023,WATWASELC,WATWASWWABGASERKSTDMENE_23,0.2,WaterWasteWaste waterAhsbridges Bay Wastewater Treatment PlantTons to EnergyGasificationEnerkemStandard EfficiencyMix Energy
TO,2023,WATWASNGA,WATWASWWABADIPUB___MENE_23,0.8,WaterWasteWaste waterAhsbridges Bay Wastewater Treatment PlantTons to EnergyAnaerobic DigesterPublicMix Energy
TO,2023,WATWASELC,WATWASWWABADIPUB___MENE_23,0.2,WaterWasteWaste waterAhsbridges Bay Wastewater Treatment PlantTons to EnergyAnaerobic DigesterPublicMix Energy
TO,2023,WATWASNGA,WATWASWWHBGASERKSTDMENE_23,0.8,WaterWasteWaste waterHumber Wastewater Treatment PlantTons to EnergyGasificationEnerkemStandard EfficiencyMix Energy
TO,2023,WATWASELC,WATWASWWHBGASERKSTDMENE_23,0.2,WaterWasteWaste waterHumber Wastewater Treatment PlantTons to EnergyGasificationEnerkemStandard EfficiencyMix Energy
TO,2023,WATWASNGA,WATWASWWHBADIPUB___MENE_23,0.8,WaterWasteWaste waterHumber Wastewater Treatment PlantTons to EnergyAnaerobic DigesterPublicMix Energy
TO,2023,WATWASELC,WATWASWWHBADIPUB___MENE_23,0.2,WaterWasteWaste waterHumber Wastewater Treatment PlantTons to EnergyAnaerobic DigesterPublicMix Energy
TO,2023,WATWASNGA,WATWASWWHCGASERKSTDMENE_23,0.8,WaterWasteWaste waterHighland Creek Waterwater Treatment PlantTons to EnergyGasificationEnerkemStandard EfficiencyMix Energy
TO,2023,WATWASELC,WATWASWWHCGASERKSTDMENE_23,0.2,WaterWasteWaste waterHighland Creek Waterwater Treatment PlantTons to EnergyGasificationEnerkemStandard EfficiencyMix Energy
TO,2023,WATWASNGA,WATWASWWHCADIPUB___MENE_23,0.8,WaterWasteWaste waterHighland Creek Waterwater Treatment PlantTons to EnergyAnaerobic DigesterPublicMix Energy
TO,2023,WATWASELC,WATWASWWHCADIPUB___MENE_23,0.2,WaterWasteWaste waterHighland Creek Waterwater Treatment PlantTons to EnergyAnaerobic DigesterPublicMix Energy
TO,2024,WATWASNGA,WATWASWWABGASERKSTDMENE_23,0.8,WaterWasteWaste waterAhsbridges Bay Wastewater Treatment PlantTons to EnergyGasificationEnerkemStandard EfficiencyMix Energy
TO,2024,WATWASELC,WATWASWWABGASERKSTDMENE_23,0.2,WaterWasteWaste waterAhsbridges Bay Wastewater Treatment PlantTons to EnergyGasificationEnerkemStandard EfficiencyMix Energy
TO,2024,WATWASNGA,WATWASWWABADIPUB___MENE_23,0.8,WaterWasteWaste waterAhsbridges Bay Wastewater Treatment PlantTons to EnergyAnaerobic DigesterPublicMix Energy
TO,2024,WATWASELC,WATWASWWABADIPUB___MENE_23,0.2,WaterWasteWaste waterAhsbridges Bay Wastewater Treatment PlantTons to EnergyAnaerobic DigesterPublicMix Energy
TO,2024,WATWASNGA,WATWASWWHBGASERKSTDMENE_23,0.8,WaterWasteWaste waterHumber Wastewater Treatment PlantTons to EnergyGasificationEnerkemStandard EfficiencyMix Energy
TO,2024,WATWASELC,WATWASWWHBGASERKSTDMENE_23,0.2,WaterWasteWaste waterHumber Wastewater Treatment PlantTons to EnergyGasificationEnerkemStandard EfficiencyMix Energy
TO,2024,WATWASNGA,WATWASWWHBADIPUB___MENE_23,0.8,WaterWasteWaste waterHumber Wastewater Treatment PlantTons to EnergyAnaerobic DigesterPublicMix Energy
TO,2024,WATWASELC,WATWASWWHBADIPUB___MENE_23,0.2,WaterWasteWaste waterHumber Wastewater Treatment PlantTons to EnergyAnaerobic DigesterPublicMix Energy
TO,2024,WATWASNGA,WATWASWWHCGASERKSTDMENE_23,0.8,WaterWasteWaste waterHighland Creek Waterwater Treatment PlantTons to EnergyGasificationEnerkemStandard EfficiencyMix Energy
TO,2024,WATWASELC,WATWASWWHCGASERKSTDMENE_23,0.2,WaterWasteWaste waterHighland Creek Waterwater Treatment PlantTons to EnergyGasificationEnerkemStandard EfficiencyMix Energy
TO,2024,WATWASNGA,WATWASWWHCADIPUB___MENE_23,0.8,WaterWasteWaste waterHighland Creek Waterwater Treatment PlantTons to EnergyAnaerobic DigesterPublicMix Energy
TO,2024,WATWASELC,WATWASWWHCADIPUB___MENE_23,0.2,WaterWasteWaste waterHighland Creek Waterwater Treatment PlantTons to EnergyAnaerobic DigesterPublicMix Energy
TO,2025,WATWASNGA,WATWASWWABGASERKSTDMENE_23,0.8,WaterWasteWaste waterAhsbridges Bay Wastewater Treatment PlantTons to EnergyGasificationEnerkemStandard EfficiencyMix Energy
TO,2025,WATWASELC,WATWASWWABGASERKSTDMENE_23,0.2,WaterWasteWaste waterAhsbridges Bay Wastewater Treatment PlantTons to EnergyGasificationEnerkemStandard EfficiencyMix Energy
TO,2025,WATWASNGA,WATWASWWABADIPUB___MENE_23,0.8,WaterWasteWaste waterAhsbridges Bay Wastewater Treatment PlantTons to EnergyAnaerobic DigesterPublicMix Energy
TO,2025,WATWASELC,WATWASWWABADIPUB___MENE_23,0.2,WaterWasteWaste waterAhsbridges Bay Wastewater Treatment PlantTons to EnergyAnaerobic DigesterPublicMix Energy
TO,2025,WATWASNGA,WATWASWWHBGASERKSTDMENE_23,0.8,WaterWasteWaste waterHumber Wastewater Treatment PlantTons to EnergyGasificationEnerkemStandard EfficiencyMix Energy
TO,2025,WATWASELC,WATWASWWHBGASERKSTDMENE_23,0.2,WaterWasteWaste waterHumber Wastewater Treatment PlantTons to EnergyGasificationEnerkemStandard EfficiencyMix Energy
TO,2025,WATWASNGA,WATWASWWHBADIPUB___MENE_23,0.8,WaterWasteWaste waterHumber Wastewater Treatment PlantTons to EnergyAnaerobic DigesterPublicMix Energy
TO,2025,WATWASELC,WATWASWWHBADIPUB___MENE_23,0.2,WaterWasteWaste waterHumber Wastewater Treatment PlantTons to EnergyAnaerobic DigesterPublicMix Energy
TO,2025,WATWASNGA,WATWASWWHCGASERKSTDMENE_23,0.8,WaterWasteWaste waterHighland Creek Waterwater Treatment PlantTons to EnergyGasificationEnerkemStandard EfficiencyMix Energy
TO,2025,WATWASELC,WATWASWWHCGASERKSTDMENE_23,0.2,WaterWasteWaste waterHighland Creek Waterwater Treatment PlantTons to EnergyGasificationEnerkemStandard EfficiencyMix Energy
TO,2025,WATWASNGA,WATWASWWHCADIPUB___MENE_23,0.8,WaterWasteWaste waterHighland Creek Waterwater Treatment PlantTons to EnergyAnaerobic DigesterPublicMix Energy
TO,2025,WATWASELC,WATWASWWHCADIPUB___MENE_23,0.2,WaterWasteWaste waterHighland Creek Waterwater Treatment PlantTons to EnergyAnaerobic DigesterPublicMix Energy
TO,2026,WATWASNGA,WATWASWWABGASERKSTDMENE_23,0.8,WaterWasteWaste waterAhsbridges Bay Wastewater Treatment PlantTons to EnergyGasificationEnerkemStandard EfficiencyMix Energy
TO,2026,WATWASELC,WATWASWWABGASERKSTDMENE_23,0.2,WaterWasteWaste waterAhsbridges Bay Wastewater Treatment PlantTons to EnergyGasificationEnerkemStandard EfficiencyMix Energy
TO,2026,WATWASNGA,WATWASWWABADIPUB___MENE_23,0.8,WaterWasteWaste waterAhsbridges Bay Wastewater Treatment PlantTons to EnergyAnaerobic DigesterPublicMix Energy
TO,2026,WATWASELC,WATWASWWABADIPUB___MENE_23,0.2,WaterWasteWaste waterAhsbridges Bay Wastewater Treatment PlantTons to EnergyAnaerobic DigesterPublicMix Energy
TO,2026,WATWASNGA,WATWASWWHBGASERKSTDMENE_23,0.8,WaterWasteWaste waterHumber Wastewater Treatment PlantTons to EnergyGasificationEnerkemStandard EfficiencyMix Energy
TO,2026,WATWASELC,WATWASWWHBGASERKSTDMENE_23,0.2,WaterWasteWaste waterHumber Wastewater Treatment PlantTons to EnergyGasificationEnerkemStandard EfficiencyMix Energy
TO,2026,WATWASNGA,WATWASWWHBADIPUB___MENE_23,0.8,WaterWasteWaste waterHumber Wastewater Treatment PlantTons to EnergyAnaerobic DigesterPublicMix Energy
TO,2026,WATWASELC,WATWASWWHBADIPUB___MENE_23,0.2,WaterWasteWaste waterHumber Wastewater Treatment PlantTons to EnergyAnaerobic DigesterPublicMix Energy
TO,2026,WATWASNGA,WATWASWWHCGASERKSTDMENE_23,0.8,WaterWasteWaste waterHighland Creek Waterwater Treatment PlantTons to EnergyGasificationEnerkemStandard EfficiencyMix Energy
TO,2026,WATWASELC,WATWASWWHCGASERKSTDMENE_23,0.2,WaterWasteWaste waterHighland Creek Waterwater Treatment PlantTons to EnergyGasificationEnerkemStandard EfficiencyMix Energy
TO,2026,WATWASNGA,WATWASWWHCADIPUB___MENE_23,0.8,WaterWasteWaste waterHighland Creek Waterwater Treatment PlantTons to EnergyAnaerobic DigesterPublicMix Energy
TO,2026,WATWASELC,WATWASWWHCADIPUB___MENE_23,0.2,WaterWasteWaste waterHighland Creek Waterwater Treatment PlantTons to EnergyAnaerobic DigesterPublicMix Energy
TO,2027,WATWASNGA,WATWASWWABGASERKSTDMENE_23,0.8,WaterWasteWaste waterAhsbridges Bay Wastewater Treatment PlantTons to EnergyGasificationEnerkemStandard EfficiencyMix Energy
TO,2027,WATWASELC,WATWASWWABGASERKSTDMENE_23,0.2,WaterWasteWaste waterAhsbridges Bay Wastewater Treatment PlantTons to EnergyGasificationEnerkemStandard EfficiencyMix Energy
TO,2027,WATWASNGA,WATWASWWABADIPUB___MENE_23,0.8,WaterWasteWaste waterAhsbridges Bay Wastewater Treatment PlantTons to EnergyAnaerobic DigesterPublicMix Energy
TO,2027,WATWASELC,WATWASWWABADIPUB___MENE_23,0.2,WaterWasteWaste waterAhsbridges Bay Wastewater Treatment PlantTons to EnergyAnaerobic DigesterPublicMix Energy
TO,2027,WATWASNGA,WATWASWWHBGASERKSTDMENE_23,0.8,WaterWasteWaste waterHumber Wastewater Treatment PlantTons to EnergyGasificationEnerkemStandard EfficiencyMix Energy
TO,2027,WATWASELC,WATWASWWHBGASERKSTDMENE_23,0.2,WaterWasteWaste waterHumber Wastewater Treatment PlantTons to EnergyGasificationEnerkemStandard EfficiencyMix Energy
TO,2027,WATWASNGA,WATWASWWHBADIPUB___MENE_23,0.8,WaterWasteWaste waterHumber Wastewater Treatment PlantTons to EnergyAnaerobic DigesterPublicMix Energy
TO,2027,WATWASELC,WATWASWWHBADIPUB___MENE_23,0.2,WaterWasteWaste waterHumber Wastewater Treatment PlantTons to EnergyAnaerobic DigesterPublicMix Energy
TO,2027,WATWASNGA,WATWASWWHCGASERKSTDMENE_23,0.8,WaterWasteWaste waterHighland Creek Waterwater Treatment PlantTons to EnergyGasificationEnerkemStandard EfficiencyMix Energy
TO,2027,WATWASELC,WATWASWWHCGASERKSTDMENE_23,0.2,WaterWasteWaste waterHighland Creek Waterwater Treatment PlantTons to EnergyGasificationEnerkemStandard EfficiencyMix Energy
TO,2027,WATWASNGA,WATWASWWHCADIPUB___MENE_23,0.8,WaterWasteWaste waterHighland Creek Waterwater Treatment PlantTons to EnergyAnaerobic DigesterPublicMix Energy
TO,2027,WATWASELC,WATWASWWHCADIPUB___MENE_23,0.2,WaterWasteWaste waterHighland Creek Waterwater Treatment PlantTons to EnergyAnaerobic DigesterPublicMix Energy
TO,2028,WATWASNGA,WATWASWWABGASERKSTDMENE_23,0.8,WaterWasteWaste waterAhsbridges Bay Wastewater Treatment PlantTons to EnergyGasificationEnerkemStandard EfficiencyMix Energy
TO,2028,WATWASELC,WATWASWWABGASERKSTDMENE_23,0.2,WaterWasteWaste waterAhsbridges Bay Wastewater Treatment PlantTons to EnergyGasificationEnerkemStandard EfficiencyMix Energy
TO,2028,WATWASNGA,WATWASWWABADIPUB___MENE_23,0.8,WaterWasteWaste waterAhsbridges Bay Wastewater Treatment PlantTons to EnergyAnaerobic DigesterPublicMix Energy
TO,2028,WATWASELC,WATWASWWABADIPUB___MENE_23,0.2,WaterWasteWaste waterAhsbridges Bay Wastewater Treatment PlantTons to EnergyAnaerobic DigesterPublicMix Energy
TO,2028,WATWASNGA,WATWASWWHBGASERKSTDMENE_23,0.8,WaterWasteWaste waterHumber Wastewater Treatment PlantTons to EnergyGasificationEnerkemStandard EfficiencyMix Energy
TO,2028,WATWASELC,WATWASWWHBGASERKSTDMENE_23,0.2,WaterWasteWaste waterHumber Wastewater Treatment PlantTons to EnergyGasificationEnerkemStandard EfficiencyMix Energy
TO,2028,WATWASNGA,WATWASWWHBADIPUB___MENE_23,0.8,WaterWasteWaste waterHumber Wastewater Treatment PlantTons to EnergyAnaerobic DigesterPublicMix Energy
TO,2028,WATWASELC,WATWASWWHBADIPUB___MENE_23,0.2,WaterWasteWaste waterHumber Wastewater Treatment PlantTons to EnergyAnaerobic DigesterPublicMix Energy
TO,2028,WATWASNGA,WATWASWWHCGASERKSTDMENE_23,0.8,WaterWasteWaste waterHighland Creek Waterwater Treatment PlantTons to EnergyGasificationEnerkemStandard EfficiencyMix Energy
TO,2028,WATWASELC,WATWASWWHCGASERKSTDMENE_23,0.2,WaterWasteWaste waterHighland Creek Waterwater Treatment PlantTons to EnergyGasificationEnerkemStandard EfficiencyMix Energy
TO,2028,WATWASNGA,WATWASWWHCADIPUB___MENE_23,0.8,WaterWasteWaste waterHighland Creek Waterwater Treatment PlantTons to EnergyAnaerobic DigesterPublicMix Energy
TO,2028,WATWASELC,WATWASWWHCADIPUB___MENE_23,0.2,WaterWasteWaste waterHighland Creek Waterwater Treatment PlantTons to EnergyAnaerobic DigesterPublicMix Energy
TO,2029,WATWASNGA,WATWASWWABGASERKSTDMENE_23,0.8,WaterWasteWaste waterAhsbridges Bay Wastewater Treatment PlantTons to EnergyGasificationEnerkemStandard EfficiencyMix Energy
TO,2029,WATWASELC,WATWASWWABGASERKSTDMENE_23,0.2,WaterWasteWaste waterAhsbridges Bay Wastewater Treatment PlantTons to EnergyGasificationEnerkemStandard EfficiencyMix Energy
TO,2029,WATWASNGA,WATWASWWABADIPUB___MENE_23,0.8,WaterWasteWaste waterAhsbridges Bay Wastewater Treatment PlantTons to EnergyAnaerobic DigesterPublicMix Energy
TO,2029,WATWASELC,WATWASWWABADIPUB___MENE_23,0.2,WaterWasteWaste waterAhsbridges Bay Wastewater Treatment PlantTons to EnergyAnaerobic DigesterPublicMix Energy
TO,2029,WATWASNGA,WATWASWWHBGASERKSTDMENE_23,0.8,WaterWasteWaste waterHumber Wastewater Treatment PlantTons to EnergyGasificationEnerkemStandard EfficiencyMix Energy
TO,2029,WATWASELC,WATWASWWHBGASERKSTDMENE_23,0.2,WaterWasteWaste waterHumber Wastewater Treatment PlantTons to EnergyGasificationEnerkemStandard EfficiencyMix Energy
TO,2029,WATWASNGA,WATWASWWHBADIPUB___MENE_23,0.8,WaterWasteWaste waterHumber Wastewater Treatment PlantTons to EnergyAnaerobic DigesterPublicMix Energy
TO,2029,WATWASELC,WATWASWWHBADIPUB___MENE_23,0.2,WaterWasteWaste waterHumber Wastewater Treatment PlantTons to EnergyAnaerobic DigesterPublicMix Energy
TO,2029,WATWASNGA,WATWASWWHCGASERKSTDMENE_23,0.8,WaterWasteWaste waterHighland Creek Waterwater Treatment PlantTons to EnergyGasificationEnerkemStandard EfficiencyMix Energy
TO,2029,WATWASELC,WATWASWWHCGASERKSTDMENE_23,0.2,WaterWasteWaste waterHighland Creek Waterwater Treatment PlantTons to EnergyGasificationEnerkemStandard EfficiencyMix Energy
TO,2029,WATWASNGA,WATWASWWHCADIPUB___MENE_23,0.8,WaterWasteWaste waterHighland Creek Waterwater Treatment PlantTons to EnergyAnaerobic DigesterPublicMix Energy
TO,2029,WATWASELC,WATWASWWHCADIPUB___MENE_23,0.2,WaterWasteWaste waterHighland Creek Waterwater Treatment PlantTons to EnergyAnaerobic DigesterPublicMix Energy
TO,2030,WATWASNGA,WATWASWWABGASERKSTDMENE_23,0.8,WaterWasteWaste waterAhsbridges Bay Wastewater Treatment PlantTons to EnergyGasificationEnerkemStandard EfficiencyMix Energy
TO,2030,WATWASELC,WATWASWWABGASERKSTDMENE_23,0.2,WaterWasteWaste waterAhsbridges Bay Wastewater Treatment PlantTons to EnergyGasificationEnerkemStandard EfficiencyMix Energy
TO,2030,WATWASNGA,WATWASWWABADIPUB___MENE_23,0.8,WaterWasteWaste waterAhsbridges Bay Wastewater Treatment PlantTons to EnergyAnaerobic DigesterPublicMix Energy
TO,2030,WATWASELC,WATWASWWABADIPUB___MENE_23,0.2,WaterWasteWaste waterAhsbridges Bay Wastewater Treatment PlantTons to EnergyAnaerobic DigesterPublicMix Energy
TO,2030,WATWASNGA,WATWASWWHBGASERKSTDMENE_23,0.8,WaterWasteWaste waterHumber Wastewater Treatment PlantTons to EnergyGasificationEnerkemStandard EfficiencyMix Energy
TO,2030,WATWASELC,WATWASWWHBGASERKSTDMENE_23,0.2,WaterWasteWaste waterHumber Wastewater Treatment PlantTons to EnergyGasificationEnerkemStandard EfficiencyMix Energy
TO,2030,WATWASNGA,WATWASWWHBADIPUB___MENE_23,0.8,WaterWasteWaste waterHumber Wastewater Treatment PlantTons to EnergyAnaerobic DigesterPublicMix Energy
TO,2030,WATWASELC,WATWASWWHBADIPUB___MENE_23,0.2,WaterWasteWaste waterHumber Wastewater Treatment PlantTons to EnergyAnaerobic DigesterPublicMix Energy
TO,2030,WATWASNGA,WATWASWWHCGASERKSTDMENE_23,0.8,WaterWasteWaste waterHighland Creek Waterwater Treatment PlantTons to EnergyGasificationEnerkemStandard EfficiencyMix Energy
TO,2030,WATWASELC,WATWASWWHCGASERKSTDMENE_23,0.2,WaterWasteWaste waterHighland Creek Waterwater Treatment PlantTons to EnergyGasificationEnerkemStandard EfficiencyMix Energy
TO,2030,WATWASNGA,WATWASWWHCADIPUB___MENE_23,0.8,WaterWasteWaste waterHighland Creek Waterwater Treatment PlantTons to EnergyAnaerobic DigesterPublicMix Energy
TO,2030,WATWASELC,WATWASWWHCADIPUB___MENE_23,0.2,WaterWasteWaste waterHighland Creek Waterwater Treatment PlantTons to EnergyAnaerobic DigesterPublicMix Energy
TO,2031,WATWASNGA,WATWASWWABGASERKSTDMENE_23,0.8,WaterWasteWaste waterAhsbridges Bay Wastewater Treatment PlantTons to EnergyGasificationEnerkemStandard EfficiencyMix Energy
TO,2031,WATWASELC,WATWASWWABGASERKSTDMENE_23,0.2,WaterWasteWaste waterAhsbridges Bay Wastewater Treatment PlantTons to EnergyGasificationEnerkemStandard EfficiencyMix Energy
TO,2031,WATWASNGA,WATWASWWABADIPUB___MENE_23,0.8,WaterWasteWaste waterAhsbridges Bay Wastewater Treatment PlantTons to EnergyAnaerobic DigesterPublicMix Energy
TO,2031,WATWASELC,WATWASWWABADIPUB___MENE_23,0.2,WaterWasteWaste waterAhsbridges Bay Wastewater Treatment PlantTons to EnergyAnaerobic DigesterPublicMix Energy
TO,2031,WATWASNGA,WATWASWWHBGASERKSTDMENE_23,0.8,WaterWasteWaste waterHumber Wastewater Treatment PlantTons to EnergyGasificationEnerkemStandard EfficiencyMix Energy
TO,2031,WATWASELC,WATWASWWHBGASERKSTDMENE_23,0.2,WaterWasteWaste waterHumber Wastewater Treatment PlantTons to EnergyGasificationEnerkemStandard EfficiencyMix Energy
TO,2031,WATWASNGA,WATWASWWHBADIPUB___MENE_23,0.8,WaterWasteWaste waterHumber Wastewater Treatment PlantTons to EnergyAnaerobic DigesterPublicMix Energy
TO,2031,WATWASELC,WATWASWWHBADIPUB___MENE_23,0.2,WaterWasteWaste waterHumber Wastewater Treatment PlantTons to EnergyAnaerobic DigesterPublicMix Energy
TO,2031,WATWASNGA,WATWASWWHCGASERKSTDMENE_23,0.8,WaterWasteWaste waterHighland Creek Waterwater Treatment PlantTons to EnergyGasificationEnerkemStandard EfficiencyMix Energy
TO,2031,WATWASELC,WATWASWWHCGASERKSTDMENE_23,0.2,WaterWasteWaste waterHighland Creek Waterwater Treatment PlantTons to EnergyGasificationEnerkemStandard EfficiencyMix Energy
TO,2031,WATWASNGA,WATWASWWHCADIPUB___MENE_23,0.8,WaterWasteWaste waterHighland Creek Waterwater Treatment PlantTons to EnergyAnaerobic DigesterPublicMix Energy
TO,2031,WATWASELC,WATWASWWHCADIPUB___MENE_23,0.2,WaterWasteWaste waterHighland Creek Waterwater Treatment PlantTons to EnergyAnaerobic DigesterPublicMix Energy
TO,2032,WATWASNGA,WATWASWWABGASERKSTDMENE_23,0.8,WaterWasteWaste waterAhsbridges Bay Wastewater Treatment PlantTons to EnergyGasificationEnerkemStandard EfficiencyMix Energy
TO,2032,WATWASELC,WATWASWWABGASERKSTDMENE_23,0.2,WaterWasteWaste waterAhsbridges Bay Wastewater Treatment PlantTons to EnergyGasificationEnerkemStandard EfficiencyMix Energy
TO,2032,WATWASNGA,WATWASWWABADIPUB___MENE_23,0.8,WaterWasteWaste waterAhsbridges Bay Wastewater Treatment PlantTons to EnergyAnaerobic DigesterPublicMix Energy
TO,2032,WATWASELC,WATWASWWABADIPUB___MENE_23,0.2,WaterWasteWaste waterAhsbridges Bay Wastewater Treatment PlantTons to EnergyAnaerobic DigesterPublicMix Energy
TO,2032,WATWASNGA,WATWASWWHBGASERKSTDMENE_23,0.8,WaterWasteWaste waterHumber Wastewater Treatment PlantTons to EnergyGasificationEnerkemStandard EfficiencyMix Energy
TO,2032,WATWASELC,WATWASWWHBGASERKSTDMENE_23,0.2,WaterWasteWaste waterHumber Wastewater Treatment PlantTons to EnergyGasificationEnerkemStandard EfficiencyMix Energy
TO,2032,WATWASNGA,WATWASWWHBADIPUB___MENE_23,0.8,WaterWasteWaste waterHumber Wastewater Treatment PlantTons to EnergyAnaerobic DigesterPublicMix Energy
TO,2032,WATWASELC,WATWASWWHBADIPUB___MENE_23,0.2,WaterWasteWaste waterHumber Wastewater Treatment PlantTons to EnergyAnaerobic DigesterPublicMix Energy
TO,2032,WATWASNGA,WATWASWWHCGASERKSTDMENE_23,0.8,WaterWasteWaste waterHighland Creek Waterwater Treatment PlantTons to EnergyGasificationEnerkemStandard EfficiencyMix Energy
TO,2032,WATWASELC,WATWASWWHCGASERKSTDMENE_23,0.2,WaterWasteWaste waterHighland Creek Waterwater Treatment PlantTons to EnergyGasificationEnerkemStandard EfficiencyMix Energy
TO,2032,WATWASNGA,WATWASWWHCADIPUB___MENE_23,0.8,WaterWasteWaste waterHighland Creek Waterwater Treatment PlantTons to EnergyAnaerobic DigesterPublicMix Energy
TO,2032,WATWASELC,WATWASWWHCADIPUB___MENE_23,0.2,WaterWasteWaste waterHighland Creek Waterwater Treatment PlantTons to EnergyAnaerobic DigesterPublicMix Energy
TO,2033,WATWASNGA,WATWASWWABGASERKSTDMENE_23,0.8,WaterWasteWaste waterAhsbridges Bay Wastewater Treatment PlantTons to EnergyGasificationEnerkemStandard EfficiencyMix Energy
TO,2033,WATWASELC,WATWASWWABGASERKSTDMENE_23,0.2,WaterWasteWaste waterAhsbridges Bay Wastewater Treatment PlantTons to EnergyGasificationEnerkemStandard EfficiencyMix Energy
TO,2033,WATWASNGA,WATWASWWABADIPUB___MENE_23,0.8,WaterWasteWaste waterAhsbridges Bay Wastewater Treatment PlantTons to EnergyAnaerobic DigesterPublicMix Energy
TO,2033,WATWASELC,WATWASWWABADIPUB___MENE_23,0.2,WaterWasteWaste waterAhsbridges Bay Wastewater Treatment PlantTons to EnergyAnaerobic DigesterPublicMix Energy
TO,2033,WATWASNGA,WATWASWWHBGASERKSTDMENE_23,0.8,WaterWasteWaste waterHumber Wastewater Treatment PlantTons to EnergyGasificationEnerkemStandard EfficiencyMix Energy
TO,2033,WATWASELC,WATWASWWHBGASERKSTDMENE_23,0.2,WaterWasteWaste waterHumber Wastewater Treatment PlantTons to EnergyGasificationEnerkemStandard EfficiencyMix Energy
TO,2033,WATWASNGA,WATWASWWHBADIPUB___MENE_23,0.8,WaterWasteWaste waterHumber Wastewater Treatment PlantTons to EnergyAnaerobic DigesterPublicMix Energy
TO,2033,WATWASELC,WATWASWWHBADIPUB___MENE_23,0.2,WaterWasteWaste waterHumber Wastewater Treatment PlantTons to EnergyAnaerobic DigesterPublicMix Energy
TO,2033,WATWASNGA,WATWASWWHCGASERKSTDMENE_23,0.8,WaterWasteWaste waterHighland Creek Waterwater Treatment PlantTons to EnergyGasificationEnerkemStandard EfficiencyMix Energy
TO,2033,WATWASELC,WATWASWWHCGASERKSTDMENE_23,0.2,WaterWasteWaste waterHighland Creek Waterwater Treatment PlantTons to EnergyGasificationEnerkemStandard EfficiencyMix Energy
TO,2033,WATWASNGA,WATWASWWHCADIPUB___MENE_23,0.8,WaterWasteWaste waterHighland Creek Waterwater Treatment PlantTons to EnergyAnaerobic DigesterPublicMix Energy
TO,2033,WATWASELC,WATWASWWHCADIPUB___MENE_23,0.2,WaterWasteWaste waterHighland Creek Waterwater Treatment PlantTons to EnergyAnaerobic DigesterPublicMix Energy
TO,2034,WATWASNGA,WATWASWWABGASERKSTDMENE_23,0.8,WaterWasteWaste waterAhsbridges Bay Wastewater Treatment PlantTons to EnergyGasificationEnerkemStandard EfficiencyMix Energy
TO,2034,WATWASELC,WATWASWWABGASERKSTDMENE_23,0.2,WaterWasteWaste waterAhsbridges Bay Wastewater Treatment PlantTons to EnergyGasificationEnerkemStandard EfficiencyMix Energy
TO,2034,WATWASNGA,WATWASWWABADIPUB___MENE_23,0.8,WaterWasteWaste waterAhsbridges Bay Wastewater Treatment PlantTons to EnergyAnaerobic DigesterPublicMix Energy
TO,2034,WATWASELC,WATWASWWABADIPUB___MENE_23,0.2,WaterWasteWaste waterAhsbridges Bay Wastewater Treatment PlantTons to EnergyAnaerobic DigesterPublicMix Energy
TO,2034,WATWASNGA,WATWASWWHBGASERKSTDMENE_23,0.8,WaterWasteWaste waterHumber Wastewater Treatment PlantTons to EnergyGasificationEnerkemStandard EfficiencyMix Energy
TO,2034,WATWASELC,WATWASWWHBGASERKSTDMENE_23,0.2,WaterWasteWaste waterHumber Wastewater Treatment PlantTons to EnergyGasificationEnerkemStandard EfficiencyMix Energy
TO,2034,WATWASNGA,WATWASWWHBADIPUB___MENE_23,0.8,WaterWasteWaste waterHumber Wastewater Treatment PlantTons to EnergyAnaerobic DigesterPublicMix Energy
TO,2034,WATWASELC,WATWASWWHBADIPUB___MENE_23,0.2,WaterWasteWaste waterHumber Wastewater Treatment PlantTons to EnergyAnaerobic DigesterPublicMix Energy
TO,2034,WATWASNGA,WATWASWWHCGASERKSTDMENE_23,0.8,WaterWasteWaste waterHighland Creek Waterwater Treatment PlantTons to EnergyGasificationEnerkemStandard EfficiencyMix Energy
TO,2034,WATWASELC,WATWASWWHCGASERKSTDMENE_23,0.2,WaterWasteWaste waterHighland Creek Waterwater Treatment PlantTons to EnergyGasificationEnerkemStandard EfficiencyMix Energy
TO,2034,WATWASNGA,WATWASWWHCADIPUB___MENE_23,0.8,WaterWasteWaste waterHighland Creek Waterwater Treatment PlantTons to EnergyAnaerobic DigesterPublicMix Energy
TO,2034,WATWASELC,WATWASWWHCADIPUB___MENE_23,0.2,WaterWasteWaste waterHighland Creek Waterwater Treatment PlantTons to EnergyAnaerobic DigesterPublicMix Energy
TO,2035,WATWASNGA,WATWASWWABGASERKSTDMENE_23,0.8,WaterWasteWaste waterAhsbridges Bay Wastewater Treatment PlantTons to EnergyGasificationEnerkemStandard EfficiencyMix Energy
TO,2035,WATWASELC,WATWASWWABGASERKSTDMENE_23,0.2,WaterWasteWaste waterAhsbridges Bay Wastewater Treatment PlantTons to EnergyGasificationEnerkemStandard EfficiencyMix Energy
TO,2035,WATWASNGA,WATWASWWABADIPUB___MENE_23,0.8,WaterWasteWaste waterAhsbridges Bay Wastewater Treatment PlantTons to EnergyAnaerobic DigesterPublicMix Energy
TO,2035,WATWASELC,WATWASWWABADIPUB___MENE_23,0.2,WaterWasteWaste waterAhsbridges Bay Wastewater Treatment PlantTons to EnergyAnaerobic DigesterPublicMix Energy
TO,2035,WATWASNGA,WATWASWWHBGASERKSTDMENE_23,0.8,WaterWasteWaste waterHumber Wastewater Treatment PlantTons to EnergyGasificationEnerkemStandard EfficiencyMix Energy
TO,2035,WATWASELC,WATWASWWHBGASERKSTDMENE_23,0.2,WaterWasteWaste waterHumber Wastewater Treatment PlantTons to EnergyGasificationEnerkemStandard EfficiencyMix Energy
TO,2035,WATWASNGA,WATWASWWHBADIPUB___MENE_23,0.8,WaterWasteWaste waterHumber Wastewater Treatment PlantTons to EnergyAnaerobic DigesterPublicMix Energy
TO,2035,WATWASELC,WATWASWWHBADIPUB___MENE_23,0.2,WaterWasteWaste waterHumber Wastewater Treatment PlantTons to EnergyAnaerobic DigesterPublicMix Energy
TO,2035,WATWASNGA,WATWASWWHCGASERKSTDMENE_23,0.8,WaterWasteWaste waterHighland Creek Waterwater Treatment PlantTons to EnergyGasificationEnerkemStandard EfficiencyMix Energy
TO,2035,WATWASELC,WATWASWWHCGASERKSTDMENE_23,0.2,WaterWasteWaste waterHighland Creek Waterwater Treatment PlantTons to EnergyGasificationEnerkemStandard EfficiencyMix Energy
TO,2035,WATWASNGA,WATWASWWHCADIPUB___MENE_23,0.8,WaterWasteWaste waterHighland Creek Waterwater Treatment PlantTons to EnergyAnaerobic DigesterPublicMix Energy
TO,2035,WATWASELC,WATWASWWHCADIPUB___MENE_23,0.2,WaterWasteWaste waterHighland Creek Waterwater Treatment PlantTons to EnergyAnaerobic DigesterPublicMix Energy
TO,2036,WATWASNGA,WATWASWWABGASERKSTDMENE_23,0.8,WaterWasteWaste waterAhsbridges Bay Wastewater Treatment PlantTons to EnergyGasificationEnerkemStandard EfficiencyMix Energy
TO,2036,WATWASELC,WATWASWWABGASERKSTDMENE_23,0.2,WaterWasteWaste waterAhsbridges Bay Wastewater Treatment PlantTons to EnergyGasificationEnerkemStandard EfficiencyMix Energy
TO,2036,WATWASNGA,WATWASWWABADIPUB___MENE_23,0.8,WaterWasteWaste waterAhsbridges Bay Wastewater Treatment PlantTons to EnergyAnaerobic DigesterPublicMix Energy
TO,2036,WATWASELC,WATWASWWABADIPUB___MENE_23,0.2,WaterWasteWaste waterAhsbridges Bay Wastewater Treatment PlantTons to EnergyAnaerobic DigesterPublicMix Energy
TO,2036,WATWASNGA,WATWASWWHBGASERKSTDMENE_23,0.8,WaterWasteWaste waterHumber Wastewater Treatment PlantTons to EnergyGasificationEnerkemStandard EfficiencyMix Energy
TO,2036,WATWASELC,WATWASWWHBGASERKSTDMENE_23,0.2,WaterWasteWaste waterHumber Wastewater Treatment PlantTons to EnergyGasificationEnerkemStandard EfficiencyMix Energy
TO,2036,WATWASNGA,WATWASWWHBADIPUB___MENE_23,0.8,WaterWasteWaste waterHumber Wastewater Treatment PlantTons to EnergyAnaerobic DigesterPublicMix Energy
TO,2036,WATWASELC,WATWASWWHBADIPUB___MENE_23,0.2,WaterWasteWaste waterHumber Wastewater Treatment PlantTons to EnergyAnaerobic DigesterPublicMix Energy
TO,2036,WATWASNGA,WATWASWWHCGASERKSTDMENE_23,0.8,WaterWasteWaste waterHighland Creek Waterwater Treatment PlantTons to EnergyGasificationEnerkemStandard EfficiencyMix Energy
TO,2036,WATWASELC,WATWASWWHCGASERKSTDMENE_23,0.2,WaterWasteWaste waterHighland Creek Waterwater Treatment PlantTons to EnergyGasificationEnerkemStandard EfficiencyMix Energy
TO,2036,WATWASNGA,WATWASWWHCADIPUB___MENE_23,0.8,WaterWasteWaste waterHighland Creek Waterwater Treatment PlantTons to EnergyAnaerobic DigesterPublicMix Energy
TO,2036,WATWASELC,WATWASWWHCADIPUB___MENE_23,0.2,WaterWasteWaste waterHighland Creek Waterwater Treatment PlantTons to EnergyAnaerobic DigesterPublicMix Energy
TO,2037,WATWASNGA,WATWASWWABGASERKSTDMENE_23,0.8,WaterWasteWaste waterAhsbridges Bay Wastewater Treatment PlantTons to EnergyGasificationEnerkemStandard EfficiencyMix Energy
TO,2037,WATWASELC,WATWASWWABGASERKSTDMENE_23,0.2,WaterWasteWaste waterAhsbridges Bay Wastewater Treatment PlantTons to EnergyGasificationEnerkemStandard EfficiencyMix Energy
TO,2037,WATWASNGA,WATWASWWABADIPUB___MENE_23,0.8,WaterWasteWaste waterAhsbridges Bay Wastewater Treatment PlantTons to EnergyAnaerobic DigesterPublicMix Energy
TO,2037,WATWASELC,WATWASWWABADIPUB___MENE_23,0.2,WaterWasteWaste waterAhsbridges Bay Wastewater Treatment PlantTons to EnergyAnaerobic DigesterPublicMix Energy
TO,2037,WATWASNGA,WATWASWWHBGASERKSTDMENE_23,0.8,WaterWasteWaste waterHumber Wastewater Treatment PlantTons to EnergyGasificationEnerkemStandard EfficiencyMix Energy
TO,2037,WATWASELC,WATWASWWHBGASERKSTDMENE_23,0.2,WaterWasteWaste waterHumber Wastewater Treatment PlantTons to EnergyGasificationEnerkemStandard EfficiencyMix Energy
TO,2037,WATWASNGA,WATWASWWHBADIPUB___MENE_23,0.8,WaterWasteWaste waterHumber Wastewater Treatment PlantTons to EnergyAnaerobic DigesterPublicMix Energy
TO,2037,WATWASELC,WATWASWWHBADIPUB___MENE_23,0.2,WaterWasteWaste waterHumber Wastewater Treatment PlantTons to EnergyAnaerobic DigesterPublicMix Energy
TO,2037,WATWASNGA,WATWASWWHCGASERKSTDMENE_23,0.8,WaterWasteWaste waterHighland Creek Waterwater Treatment PlantTons to EnergyGasificationEnerkemStandard EfficiencyMix Energy
TO,2037,WATWASELC,WATWASWWHCGASERKSTDMENE_23,0.2,WaterWasteWaste waterHighland Creek Waterwater Treatment PlantTons to EnergyGasificationEnerkemStandard EfficiencyMix Energy
TO,2037,WATWASNGA,WATWASWWHCADIPUB___MENE_23,0.8,WaterWasteWaste waterHighland Creek Waterwater Treatment PlantTons to EnergyAnaerobic DigesterPublicMix Energy
TO,2037,WATWASELC,WATWASWWHCADIPUB___MENE_23,0.2,WaterWasteWaste waterHighland Creek Waterwater Treatment PlantTons to EnergyAnaerobic DigesterPublicMix Energy
TO,2038,WATWASNGA,WATWASWWABGASERKSTDMENE_23,0.8,WaterWasteWaste waterAhsbridges Bay Wastewater Treatment PlantTons to EnergyGasificationEnerkemStandard EfficiencyMix Energy
TO,2038,WATWASELC,WATWASWWABGASERKSTDMENE_23,0.2,WaterWasteWaste waterAhsbridges Bay Wastewater Treatment PlantTons to EnergyGasificationEnerkemStandard EfficiencyMix Energy
TO,2038,WATWASNGA,WATWASWWABADIPUB___MENE_23,0.8,WaterWasteWaste waterAhsbridges Bay Wastewater Treatment PlantTons to EnergyAnaerobic DigesterPublicMix Energy
TO,2038,WATWASELC,WATWASWWABADIPUB___MENE_23,0.2,WaterWasteWaste waterAhsbridges Bay Wastewater Treatment PlantTons to EnergyAnaerobic DigesterPublicMix Energy
TO,2038,WATWASNGA,WATWASWWHBGASERKSTDMENE_23,0.8,WaterWasteWaste waterHumber Wastewater Treatment PlantTons to EnergyGasificationEnerkemStandard EfficiencyMix Energy
TO,2038,WATWASELC,WATWASWWHBGASERKSTDMENE_23,0.2,WaterWasteWaste waterHumber Wastewater Treatment PlantTons to EnergyGasificationEnerkemStandard EfficiencyMix Energy
TO,2038,WATWASNGA,WATWASWWHBADIPUB___MENE_23,0.8,WaterWasteWaste waterHumber Wastewater Treatment PlantTons to EnergyAnaerobic DigesterPublicMix Energy
TO,2038,WATWASELC,WATWASWWHBADIPUB___MENE_23,0.2,WaterWasteWaste waterHumber Wastewater Treatment PlantTons to EnergyAnaerobic DigesterPublicMix Energy
TO,2038,WATWASNGA,WATWASWWHCGASERKSTDMENE_23,0.8,WaterWasteWaste waterHighland Creek Waterwater Treatment PlantTons to EnergyGasificationEnerkemStandard EfficiencyMix Energy
TO,2038,WATWASELC,WATWASWWHCGASERKSTDMENE_23,0.2,WaterWasteWaste waterHighland Creek Waterwater Treatment PlantTons to EnergyGasificationEnerkemStandard EfficiencyMix Energy
TO,2038,WATWASNGA,WATWASWWHCADIPUB___MENE_23,0.8,WaterWasteWaste waterHighland Creek Waterwater Treatment PlantTons to EnergyAnaerobic DigesterPublicMix Energy
TO,2038,WATWASELC,WATWASWWHCADIPUB___MENE_23,0.2,WaterWasteWaste waterHighland Creek Waterwater Treatment PlantTons to EnergyAnaerobic DigesterPublicMix Energy
TO,2039,WATWASNGA,WATWASWWABGASERKSTDMENE_23,0.8,WaterWasteWaste waterAhsbridges Bay Wastewater Treatment PlantTons to EnergyGasificationEnerkemStandard EfficiencyMix Energy
TO,2039,WATWASELC,WATWASWWABGASERKSTDMENE_23,0.2,WaterWasteWaste waterAhsbridges Bay Wastewater Treatment PlantTons to EnergyGasificationEnerkemStandard EfficiencyMix Energy
TO,2039,WATWASNGA,WATWASWWABADIPUB___MENE_23,0.8,WaterWasteWaste waterAhsbridges Bay Wastewater Treatment PlantTons to EnergyAnaerobic DigesterPublicMix Energy
TO,2039,WATWASELC,WATWASWWABADIPUB___MENE_23,0.2,WaterWasteWaste waterAhsbridges Bay Wastewater Treatment PlantTons to EnergyAnaerobic DigesterPublicMix Energy
TO,2039,WATWASNGA,WATWASWWHBGASERKSTDMENE_23,0.8,WaterWasteWaste waterHumber Wastewater Treatment PlantTons to EnergyGasificationEnerkemStandard EfficiencyMix Energy
TO,2039,WATWASELC,WATWASWWHBGASERKSTDMENE_23,0.2,WaterWasteWaste waterHumber Wastewater Treatment PlantTons to EnergyGasificationEnerkemStandard EfficiencyMix Energy
TO,2039,WATWASNGA,WATWASWWHBADIPUB___MENE_23,0.8,WaterWasteWaste waterHumber Wastewater Treatment PlantTons to EnergyAnaerobic DigesterPublicMix Energy
TO,2039,WATWASELC,WATWASWWHBADIPUB___MENE_23,0.2,WaterWasteWaste waterHumber Wastewater Treatment PlantTons to EnergyAnaerobic DigesterPublicMix Energy
TO,2039,WATWASNGA,WATWASWWHCGASERKSTDMENE_23,0.8,WaterWasteWaste waterHighland Creek Waterwater Treatment PlantTons to EnergyGasificationEnerkemStandard EfficiencyMix Energy
TO,2039,WATWASELC,WATWASWWHCGASERKSTDMENE_23,0.2,WaterWasteWaste waterHighland Creek Waterwater Treatment PlantTons to EnergyGasificationEnerkemStandard EfficiencyMix Energy
TO,2039,WATWASNGA,WATWASWWHCADIPUB___MENE_23,0.8,WaterWasteWaste waterHighland Creek Waterwater Treatment PlantTons to EnergyAnaerobic DigesterPublicMix Energy
TO,2039,WATWASELC,WATWASWWHCADIPUB___MENE_23,0.2,WaterWasteWaste waterHighland Creek Waterwater Treatment PlantTons to EnergyAnaerobic DigesterPublicMix Energy
TO,2040,WATWASNGA,WATWASWWABGASERKSTDMENE_23,0.8,WaterWasteWaste waterAhsbridges Bay Wastewater Treatment PlantTons to EnergyGasificationEnerkemStandard EfficiencyMix Energy
TO,2040,WATWASELC,WATWASWWABGASERKSTDMENE_23,0.2,WaterWasteWaste waterAhsbridges Bay Wastewater Treatment PlantTons to EnergyGasificationEnerkemStandard EfficiencyMix Energy
TO,2040,WATWASNGA,WATWASWWABADIPUB___MENE_23,0.8,WaterWasteWaste waterAhsbridges Bay Wastewater Treatment PlantTons to EnergyAnaerobic DigesterPublicMix Energy
TO,2040,WATWASELC,WATWASWWABADIPUB___MENE_23,0.2,WaterWasteWaste waterAhsbridges Bay Wastewater Treatment PlantTons to EnergyAnaerobic DigesterPublicMix Energy
TO,2040,WATWASNGA,WATWASWWHBGASERKSTDMENE_23,0.8,WaterWasteWaste waterHumber Wastewater Treatment PlantTons to EnergyGasificationEnerkemStandard EfficiencyMix Energy
TO,2040,WATWASELC,WATWASWWHBGASERKSTDMENE_23,0.2,WaterWasteWaste waterHumber Wastewater Treatment PlantTons to EnergyGasificationEnerkemStandard EfficiencyMix Energy
TO,2040,WATWASNGA,WATWASWWHBADIPUB___MENE_23,0.8,WaterWasteWaste waterHumber Wastewater Treatment PlantTons to EnergyAnaerobic DigesterPublicMix Energy
TO,2040,WATWASELC,WATWASWWHBADIPUB___MENE_23,0.2,WaterWasteWaste waterHumber Wastewater Treatment PlantTons to EnergyAnaerobic DigesterPublicMix Energy
TO,2040,WATWASNGA,WATWASWWHCGASERKSTDMENE_23,0.8,WaterWasteWaste waterHighland Creek Waterwater Treatment PlantTons to EnergyGasificationEnerkemStandard EfficiencyMix Energy
TO,2040,WATWASELC,WATWASWWHCGASERKSTDMENE_23,0.2,WaterWasteWaste waterHighland Creek Waterwater Treatment PlantTons to EnergyGasificationEnerkemStandard EfficiencyMix Energy
TO,2040,WATWASNGA,WATWASWWHCADIPUB___MENE_23,0.8,WaterWasteWaste waterHighland Creek Waterwater Treatment PlantTons to EnergyAnaerobic DigesterPublicMix Energy
TO,2040,WATWASELC,WATWASWWHCADIPUB___MENE_23,0.2,WaterWasteWaste waterHighland Creek Waterwater Treatment PlantTons to EnergyAnaerobic DigesterPublicMix Energy
TO,2041,WATWASNGA,WATWASWWABGASERKSTDMENE_23,0.8,WaterWasteWaste waterAhsbridges Bay Wastewater Treatment PlantTons to EnergyGasificationEnerkemStandard EfficiencyMix Energy
TO,2041,WATWASELC,WATWASWWABGASERKSTDMENE_23,0.2,WaterWasteWaste waterAhsbridges Bay Wastewater Treatment PlantTons to EnergyGasificationEnerkemStandard EfficiencyMix Energy
TO,2041,WATWASNGA,WATWASWWABADIPUB___MENE_23,0.8,WaterWasteWaste waterAhsbridges Bay Wastewater Treatment PlantTons to EnergyAnaerobic DigesterPublicMix Energy
TO,2041,WATWASELC,WATWASWWABADIPUB___MENE_23,0.2,WaterWasteWaste waterAhsbridges Bay Wastewater Treatment PlantTons to EnergyAnaerobic DigesterPublicMix Energy
TO,2041,WATWASNGA,WATWASWWHBGASERKSTDMENE_23,0.8,WaterWasteWaste waterHumber Wastewater Treatment PlantTons to EnergyGasificationEnerkemStandard EfficiencyMix Energy
TO,2041,WATWASELC,WATWASWWHBGASERKSTDMENE_23,0.2,WaterWasteWaste waterHumber Wastewater Treatment PlantTons to EnergyGasificationEnerkemStandard EfficiencyMix Energy
TO,2041,WATWASNGA,WATWASWWHBADIPUB___MENE_23,0.8,WaterWasteWaste waterHumber Wastewater Treatment PlantTons to EnergyAnaerobic DigesterPublicMix Energy
TO,2041,WATWASELC,WATWASWWHBADIPUB___MENE_23,0.2,WaterWasteWaste waterHumber Wastewater Treatment PlantTons to EnergyAnaerobic DigesterPublicMix Energy
TO,2041,WATWASNGA,WATWASWWHCGASERKSTDMENE_23,0.8,WaterWasteWaste waterHighland Creek Waterwater Treatment PlantTons to EnergyGasificationEnerkemStandard EfficiencyMix Energy
TO,2041,WATWASELC,WATWASWWHCGASERKSTDMENE_23,0.2,WaterWasteWaste waterHighland Creek Waterwater Treatment PlantTons to EnergyGasificationEnerkemStandard EfficiencyMix Energy
TO,2041,WATWASNGA,WATWASWWHCADIPUB___MENE_23,0.8,WaterWasteWaste waterHighland Creek Waterwater Treatment PlantTons to EnergyAnaerobic DigesterPublicMix Energy
TO,2041,WATWASELC,WATWASWWHCADIPUB___MENE_23,0.2,WaterWasteWaste waterHighland Creek Waterwater Treatment PlantTons to EnergyAnaerobic DigesterPublicMix Energy
TO,2042,WATWASNGA,WATWASWWABGASERKSTDMENE_23,0.8,WaterWasteWaste waterAhsbridges Bay Wastewater Treatment PlantTons to EnergyGasificationEnerkemStandard EfficiencyMix Energy
TO,2042,WATWASELC,WATWASWWABGASERKSTDMENE_23,0.2,WaterWasteWaste waterAhsbridges Bay Wastewater Treatment PlantTons to EnergyGasificationEnerkemStandard EfficiencyMix Energy
TO,2042,WATWASNGA,WATWASWWABADIPUB___MENE_23,0.8,WaterWasteWaste waterAhsbridges Bay Wastewater Treatment PlantTons to EnergyAnaerobic DigesterPublicMix Energy
TO,2042,WATWASELC,WATWASWWABADIPUB___MENE_23,0.2,WaterWasteWaste waterAhsbridges Bay Wastewater Treatment PlantTons to EnergyAnaerobic DigesterPublicMix Energy
TO,2042,WATWASNGA,WATWASWWHBGASERKSTDMENE_23,0.8,WaterWasteWaste waterHumber Wastewater Treatment PlantTons to EnergyGasificationEnerkemStandard EfficiencyMix Energy
TO,2042,WATWASELC,WATWASWWHBGASERKSTDMENE_23,0.2,WaterWasteWaste waterHumber Wastewater Treatment PlantTons to EnergyGasificationEnerkemStandard EfficiencyMix Energy
TO,2042,WATWASNGA,WATWASWWHBADIPUB___MENE_23,0.8,WaterWasteWaste waterHumber Wastewater Treatment PlantTons to EnergyAnaerobic DigesterPublicMix Energy
TO,2042,WATWASELC,WATWASWWHBADIPUB___MENE_23,0.2,WaterWasteWaste waterHumber Wastewater Treatment PlantTons to EnergyAnaerobic DigesterPublicMix Energy
TO,2042,WATWASNGA,WATWASWWHCGASERKSTDMENE_23,0.8,WaterWasteWaste waterHighland Creek Waterwater Treatment PlantTons to EnergyGasificationEnerkemStandard EfficiencyMix Energy
TO,2042,WATWASELC,WATWASWWHCGASERKSTDMENE_23,0.2,WaterWasteWaste waterHighland Creek Waterwater Treatment PlantTons to EnergyGasificationEnerkemStandard EfficiencyMix Energy
TO,2042,WATWASNGA,WATWASWWHCADIPUB___MENE_23,0.8,WaterWasteWaste waterHighland Creek Waterwater Treatment PlantTons to EnergyAnaerobic DigesterPublicMix Energy
TO,2042,WATWASELC,WATWASWWHCADIPUB___MENE_23,0.2,WaterWasteWaste waterHighland Creek Waterwater Treatment PlantTons to EnergyAnaerobic DigesterPublicMix Energy
TO,2043,WATWASNGA,WATWASWWABGASERKSTDMENE_23,0.8,WaterWasteWaste waterAhsbridges Bay Wastewater Treatment PlantTons to EnergyGasificationEnerkemStandard EfficiencyMix Energy
TO,2043,WATWASELC,WATWASWWABGASERKSTDMENE_23,0.2,WaterWasteWaste waterAhsbridges Bay Wastewater Treatment PlantTons to EnergyGasificationEnerkemStandard EfficiencyMix Energy
TO,2043,WATWASNGA,WATWASWWABADIPUB___MENE_23,0.8,WaterWasteWaste waterAhsbridges Bay Wastewater Treatment PlantTons to EnergyAnaerobic DigesterPublicMix Energy
TO,2043,WATWASELC,WATWASWWABADIPUB___MENE_23,0.2,WaterWasteWaste waterAhsbridges Bay Wastewater Treatment PlantTons to EnergyAnaerobic DigesterPublicMix Energy
TO,2043,WATWASNGA,WATWASWWHBGASERKSTDMENE_23,0.8,WaterWasteWaste waterHumber Wastewater Treatment PlantTons to EnergyGasificationEnerkemStandard EfficiencyMix Energy
TO,2043,WATWASELC,WATWASWWHBGASERKSTDMENE_23,0.2,WaterWasteWaste waterHumber Wastewater Treatment PlantTons to EnergyGasificationEnerkemStandard EfficiencyMix Energy
TO,2043,WATWASNGA,WATWASWWHBADIPUB___MENE_23,0.8,WaterWasteWaste waterHumber Wastewater Treatment PlantTons to EnergyAnaerobic DigesterPublicMix Energy
TO,2043,WATWASELC,WATWASWWHBADIPUB___MENE_23,0.2,WaterWasteWaste waterHumber Wastewater Treatment PlantTons to EnergyAnaerobic DigesterPublicMix Energy
TO,2043,WATWASNGA,WATWASWWHCGASERKSTDMENE_23,0.8,WaterWasteWaste waterHighland Creek Waterwater Treatment PlantTons to EnergyGasificationEnerkemStandard EfficiencyMix Energy
TO,2043,WATWASELC,WATWASWWHCGASERKSTDMENE_23,0.2,WaterWasteWaste waterHighland Creek Waterwater Treatment PlantTons to EnergyGasificationEnerkemStandard EfficiencyMix Energy
TO,2043,WATWASNGA,WATWASWWHCADIPUB___MENE_23,0.8,WaterWasteWaste waterHighland Creek Waterwater Treatment PlantTons to EnergyAnaerobic DigesterPublicMix Energy
TO,2043,WATWASELC,WATWASWWHCADIPUB___MENE_23,0.2,WaterWasteWaste waterHighland Creek Waterwater Treatment PlantTons to EnergyAnaerobic DigesterPublicMix Energy
TO,2044,WATWASNGA,WATWASWWABGASERKSTDMENE_23,0.8,WaterWasteWaste waterAhsbridges Bay Wastewater Treatment PlantTons to EnergyGasificationEnerkemStandard EfficiencyMix Energy
TO,2044,WATWASELC,WATWASWWABGASERKSTDMENE_23,0.2,WaterWasteWaste waterAhsbridges Bay Wastewater Treatment PlantTons to EnergyGasificationEnerkemStandard EfficiencyMix Energy
TO,2044,WATWASNGA,WATWASWWABADIPUB___MENE_23,0.8,WaterWasteWaste waterAhsbridges Bay Wastewater Treatment PlantTons to EnergyAnaerobic DigesterPublicMix Energy
TO,2044,WATWASELC,WATWASWWABADIPUB___MENE_23,0.2,WaterWasteWaste waterAhsbridges Bay Wastewater Treatment PlantTons to EnergyAnaerobic DigesterPublicMix Energy
TO,2044,WATWASNGA,WATWASWWHBGASERKSTDMENE_23,0.8,WaterWasteWaste waterHumber Wastewater Treatment PlantTons to EnergyGasificationEnerkemStandard EfficiencyMix Energy
TO,2044,WATWASELC,WATWASWWHBGASERKSTDMENE_23,0.2,WaterWasteWaste waterHumber Wastewater Treatment PlantTons to EnergyGasificationEnerkemStandard EfficiencyMix Energy
TO,2044,WATWASNGA,WATWASWWHBADIPUB___MENE_23,0.8,WaterWasteWaste waterHumber Wastewater Treatment PlantTons to EnergyAnaerobic DigesterPublicMix Energy
TO,2044,WATWASELC,WATWASWWHBADIPUB___MENE_23,0.2,WaterWasteWaste waterHumber Wastewater Treatment PlantTons to EnergyAnaerobic DigesterPublicMix Energy
TO,2044,WATWASNGA,WATWASWWHCGASERKSTDMENE_23,0.8,WaterWasteWaste waterHighland Creek Waterwater Treatment PlantTons to EnergyGasificationEnerkemStandard EfficiencyMix Energy
TO,2044,WATWASELC,WATWASWWHCGASERKSTDMENE_23,0.2,WaterWasteWaste waterHighland Creek Waterwater Treatment PlantTons to EnergyGasificationEnerkemStandard EfficiencyMix Energy
TO,2044,WATWASNGA,WATWASWWHCADIPUB___MENE_23,0.8,WaterWasteWaste waterHighland Creek Waterwater Treatment PlantTons to EnergyAnaerobic DigesterPublicMix Energy
TO,2044,WATWASELC,WATWASWWHCADIPUB___MENE_23,0.2,WaterWasteWaste waterHighland Creek Waterwater Treatment PlantTons to EnergyAnaerobic DigesterPublicMix Energy
TO,2045,WATWASNGA,WATWASWWABGASERKSTDMENE_23,0.8,WaterWasteWaste waterAhsbridges Bay Wastewater Treatment PlantTons to EnergyGasificationEnerkemStandard EfficiencyMix Energy
TO,2045,WATWASELC,WATWASWWABGASERKSTDMENE_23,0.2,WaterWasteWaste waterAhsbridges Bay Wastewater Treatment PlantTons to EnergyGasificationEnerkemStandard EfficiencyMix Energy
TO,2045,WATWASNGA,WATWASWWABADIPUB___MENE_23,0.8,WaterWasteWaste waterAhsbridges Bay Wastewater Treatment PlantTons to EnergyAnaerobic DigesterPublicMix Energy
TO,2045,WATWASELC,WATWASWWABADIPUB___MENE_23,0.2,WaterWasteWaste waterAhsbridges Bay Wastewater Treatment PlantTons to EnergyAnaerobic DigesterPublicMix Energy
TO,2045,WATWASNGA,WATWASWWHBGASERKSTDMENE_23,0.8,WaterWasteWaste waterHumber Wastewater Treatment PlantTons to EnergyGasificationEnerkemStandard EfficiencyMix Energy
TO,2045,WATWASELC,WATWASWWHBGASERKSTDMENE_23,0.2,WaterWasteWaste waterHumber Wastewater Treatment PlantTons to EnergyGasificationEnerkemStandard EfficiencyMix Energy
TO,2045,WATWASNGA,WATWASWWHBADIPUB___MENE_23,0.8,WaterWasteWaste waterHumber Wastewater Treatment PlantTons to EnergyAnaerobic DigesterPublicMix Energy
TO,2045,WATWASELC,WATWASWWHBADIPUB___MENE_23,0.2,WaterWasteWaste waterHumber Wastewater Treatment PlantTons to EnergyAnaerobic DigesterPublicMix Energy
TO,2045,WATWASNGA,WATWASWWHCGASERKSTDMENE_23,0.8,WaterWasteWaste waterHighland Creek Waterwater Treatment PlantTons to EnergyGasificationEnerkemStandard EfficiencyMix Energy
TO,2045,WATWASELC,WATWASWWHCGASERKSTDMENE_23,0.2,WaterWasteWaste waterHighland Creek Waterwater Treatment PlantTons to EnergyGasificationEnerkemStandard EfficiencyMix Energy
TO,2045,WATWASNGA,WATWASWWHCADIPUB___MENE_23,0.8,WaterWasteWaste waterHighland Creek Waterwater Treatment PlantTons to EnergyAnaerobic DigesterPublicMix Energy
TO,2045,WATWASELC,WATWASWWHCADIPUB___MENE_23,0.2,WaterWasteWaste waterHighland Creek Waterwater Treatment PlantTons to EnergyAnaerobic DigesterPublicMix Energy
TO,2046,WATWASNGA,WATWASWWABGASERKSTDMENE_23,0.8,WaterWasteWaste waterAhsbridges Bay Wastewater Treatment PlantTons to EnergyGasificationEnerkemStandard EfficiencyMix Energy
TO,2046,WATWASELC,WATWASWWABGASERKSTDMENE_23,0.2,WaterWasteWaste waterAhsbridges Bay Wastewater Treatment PlantTons to EnergyGasificationEnerkemStandard EfficiencyMix Energy
TO,2046,WATWASNGA,WATWASWWABADIPUB___MENE_23,0.8,WaterWasteWaste waterAhsbridges Bay Wastewater Treatment PlantTons to EnergyAnaerobic DigesterPublicMix Energy
TO,2046,WATWASELC,WATWASWWABADIPUB___MENE_23,0.2,WaterWasteWaste waterAhsbridges Bay Wastewater Treatment PlantTons to EnergyAnaerobic DigesterPublicMix Energy
TO,2046,WATWASNGA,WATWASWWHBGASERKSTDMENE_23,0.8,WaterWasteWaste waterHumber Wastewater Treatment PlantTons to EnergyGasificationEnerkemStandard EfficiencyMix Energy
TO,2046,WATWASELC,WATWASWWHBGASERKSTDMENE_23,0.2,WaterWasteWaste waterHumber Wastewater Treatment PlantTons to EnergyGasificationEnerkemStandard EfficiencyMix Energy
TO,2046,WATWASNGA,WATWASWWHBADIPUB___MENE_23,0.8,WaterWasteWaste waterHumber Wastewater Treatment PlantTons to EnergyAnaerobic DigesterPublicMix Energy
TO,2046,WATWASELC,WATWASWWHBADIPUB___MENE_23,0.2,WaterWasteWaste waterHumber Wastewater Treatment PlantTons to EnergyAnaerobic DigesterPublicMix Energy
TO,2046,WATWASNGA,WATWASWWHCGASERKSTDMENE_23,0.8,WaterWasteWaste waterHighland Creek Waterwater Treatment PlantTons to EnergyGasificationEnerkemStandard EfficiencyMix Energy
TO,2046,WATWASELC,WATWASWWHCGASERKSTDMENE_23,0.2,WaterWasteWaste waterHighland Creek Waterwater Treatment PlantTons to EnergyGasificationEnerkemStandard EfficiencyMix Energy
TO,2046,WATWASNGA,WATWASWWHCADIPUB___MENE_23,0.8,WaterWasteWaste waterHighland Creek Waterwater Treatment PlantTons to EnergyAnaerobic DigesterPublicMix Energy
TO,2046,WATWASELC,WATWASWWHCADIPUB___MENE_23,0.2,WaterWasteWaste waterHighland Creek Waterwater Treatment PlantTons to EnergyAnaerobic DigesterPublicMix Energy
TO,2047,WATWASNGA,WATWASWWABGASERKSTDMENE_23,0.8,WaterWasteWaste waterAhsbridges Bay Wastewater Treatment PlantTons to EnergyGasificationEnerkemStandard EfficiencyMix Energy
TO,2047,WATWASELC,WATWASWWABGASERKSTDMENE_23,0.2,WaterWasteWaste waterAhsbridges Bay Wastewater Treatment PlantTons to EnergyGasificationEnerkemStandard EfficiencyMix Energy
TO,2047,WATWASNGA,WATWASWWABADIPUB___MENE_23,0.8,WaterWasteWaste waterAhsbridges Bay Wastewater Treatment PlantTons to EnergyAnaerobic DigesterPublicMix Energy
TO,2047,WATWASELC,WATWASWWABADIPUB___MENE_23,0.2,WaterWasteWaste waterAhsbridges Bay Wastewater Treatment PlantTons to EnergyAnaerobic DigesterPublicMix Energy
TO,2047,WATWASNGA,WATWASWWHBGASERKSTDMENE_23,0.8,WaterWasteWaste waterHumber Wastewater Treatment PlantTons to EnergyGasificationEnerkemStandard EfficiencyMix Energy
TO,2047,WATWASELC,WATWASWWHBGASERKSTDMENE_23,0.2,WaterWasteWaste waterHumber Wastewater Treatment PlantTons to EnergyGasificationEnerkemStandard EfficiencyMix Energy
TO,2047,WATWASNGA,WATWASWWHBADIPUB___MENE_23,0.8,WaterWasteWaste waterHumber Wastewater Treatment PlantTons to EnergyAnaerobic DigesterPublicMix Energy
TO,2047,WATWASELC,WATWASWWHBADIPUB___MENE_23,0.2,WaterWasteWaste waterHumber Wastewater Treatment PlantTons to EnergyAnaerobic DigesterPublicMix Energy
TO,2047,WATWASNGA,WATWASWWHCGASERKSTDMENE_23,0.8,WaterWasteWaste waterHighland Creek Waterwater Treatment PlantTons to EnergyGasificationEnerkemStandard EfficiencyMix Energy
TO,2047,WATWASELC,WATWASWWHCGASERKSTDMENE_23,0.2,WaterWasteWaste waterHighland Creek Waterwater Treatment PlantTons to EnergyGasificationEnerkemStandard EfficiencyMix Energy
TO,2047,WATWASNGA,WATWASWWHCADIPUB___MENE_23,0.8,WaterWasteWaste waterHighland Creek Waterwater Treatment PlantTons to EnergyAnaerobic DigesterPublicMix Energy
TO,2047,WATWASELC,WATWASWWHCADIPUB___MENE_23,0.2,WaterWasteWaste waterHighland Creek Waterwater Treatment PlantTons to EnergyAnaerobic DigesterPublicMix Energy
TO,2048,WATWASNGA,WATWASWWABGASERKSTDMENE_23,0.8,WaterWasteWaste waterAhsbridges Bay Wastewater Treatment PlantTons to EnergyGasificationEnerkemStandard EfficiencyMix Energy
TO,2048,WATWASELC,WATWASWWABGASERKSTDMENE_23,0.2,WaterWasteWaste waterAhsbridges Bay Wastewater Treatment PlantTons to EnergyGasificationEnerkemStandard EfficiencyMix Energy
TO,2048,WATWASNGA,WATWASWWABADIPUB___MENE_23,0.8,WaterWasteWaste waterAhsbridges Bay Wastewater Treatment PlantTons to EnergyAnaerobic DigesterPublicMix Energy
TO,2048,WATWASELC,WATWASWWABADIPUB___MENE_23,0.2,WaterWasteWaste waterAhsbridges Bay Wastewater Treatment PlantTons to EnergyAnaerobic DigesterPublicMix Energy
TO,2048,WATWASNGA,WATWASWWHBGASERKSTDMENE_23,0.8,WaterWasteWaste waterHumber Wastewater Treatment PlantTons to EnergyGasificationEnerkemStandard EfficiencyMix Energy
TO,2048,WATWASELC,WATWASWWHBGASERKSTDMENE_23,0.2,WaterWasteWaste waterHumber Wastewater Treatment PlantTons to EnergyGasificationEnerkemStandard EfficiencyMix Energy
TO,2048,WATWASNGA,WATWASWWHBADIPUB___MENE_23,0.8,WaterWasteWaste waterHumber Wastewater Treatment PlantTons to EnergyAnaerobic DigesterPublicMix Energy
TO,2048,WATWASELC,WATWASWWHBADIPUB___MENE_23,0.2,WaterWasteWaste waterHumber Wastewater Treatment PlantTons to EnergyAnaerobic DigesterPublicMix Energy
TO,2048,WATWASNGA,WATWASWWHCGASERKSTDMENE_23,0.8,WaterWasteWaste waterHighland Creek Waterwater Treatment PlantTons to EnergyGasificationEnerkemStandard EfficiencyMix Energy
TO,2048,WATWASELC,WATWASWWHCGASERKSTDMENE_23,0.2,WaterWasteWaste waterHighland Creek Waterwater Treatment PlantTons to EnergyGasificationEnerkemStandard EfficiencyMix Energy
TO,2048,WATWASNGA,WATWASWWHCADIPUB___MENE_23,0.8,WaterWasteWaste waterHighland Creek Waterwater Treatment PlantTons to EnergyAnaerobic DigesterPublicMix Energy
TO,2048,WATWASELC,WATWASWWHCADIPUB___MENE_23,0.2,WaterWasteWaste waterHighland Creek Waterwater Treatment PlantTons to EnergyAnaerobic DigesterPublicMix Energy
TO,2049,WATWASNGA,WATWASWWABGASERKSTDMENE_23,0.8,WaterWasteWaste waterAhsbridges Bay Wastewater Treatment PlantTons to EnergyGasificationEnerkemStandard EfficiencyMix Energy
TO,2049,WATWASELC,WATWASWWABGASERKSTDMENE_23,0.2,WaterWasteWaste waterAhsbridges Bay Wastewater Treatment PlantTons to EnergyGasificationEnerkemStandard EfficiencyMix Energy
TO,2049,WATWASNGA,WATWASWWABADIPUB___MENE_23,0.8,WaterWasteWaste waterAhsbridges Bay Wastewater Treatment PlantTons to EnergyAnaerobic DigesterPublicMix Energy
TO,2049,WATWASELC,WATWASWWABADIPUB___MENE_23,0.2,WaterWasteWaste waterAhsbridges Bay Wastewater Treatment PlantTons to EnergyAnaerobic DigesterPublicMix Energy
TO,2049,WATWASNGA,WATWASWWHBGASERKSTDMENE_23,0.8,WaterWasteWaste waterHumber Wastewater Treatment PlantTons to EnergyGasificationEnerkemStandard EfficiencyMix Energy
TO,2049,WATWASELC,WATWASWWHBGASERKSTDMENE_23,0.2,WaterWasteWaste waterHumber Wastewater Treatment PlantTons to EnergyGasificationEnerkemStandard EfficiencyMix Energy
TO,2049,WATWASNGA,WATWASWWHBADIPUB___MENE_23,0.8,WaterWasteWaste waterHumber Wastewater Treatment PlantTons to EnergyAnaerobic DigesterPublicMix Energy
TO,2049,WATWASELC,WATWASWWHBADIPUB___MENE_23,0.2,WaterWasteWaste waterHumber Wastewater Treatment PlantTons to EnergyAnaerobic DigesterPublicMix Energy
TO,2049,WATWASNGA,WATWASWWHCGASERKSTDMENE_23,0.8,WaterWasteWaste waterHighland Creek Waterwater Treatment PlantTons to EnergyGasificationEnerkemStandard EfficiencyMix Energy
TO,2049,WATWASELC,WATWASWWHCGASERKSTDMENE_23,0.2,WaterWasteWaste waterHighland Creek Waterwater Treatment PlantTons to EnergyGasificationEnerkemStandard EfficiencyMix Energy
TO,2049,WATWASNGA,WATWASWWHCADIPUB___MENE_23,0.8,WaterWasteWaste waterHighland Creek Waterwater Treatment PlantTons to EnergyAnaerobic DigesterPublicMix Energy
TO,2049,WATWASELC,WATWASWWHCADIPUB___MENE_23,0.2,WaterWasteWaste waterHighland Creek Waterwater Treatment PlantTons to EnergyAnaerobic DigesterPublicMix Energy
TO,2050,WATWASNGA,WATWASWWABGASERKSTDMENE_23,0.8,WaterWasteWaste waterAhsbridges Bay Wastewater Treatment PlantTons to EnergyGasificationEnerkemStandard EfficiencyMix Energy
TO,2050,WATWASELC,WATWASWWABGASERKSTDMENE_23,0.2,WaterWasteWaste waterAhsbridges Bay Wastewater Treatment PlantTons to EnergyGasificationEnerkemStandard EfficiencyMix Energy
TO,2050,WATWASNGA,WATWASWWABADIPUB___MENE_23,0.8,WaterWasteWaste waterAhsbridges Bay Wastewater Treatment PlantTons to EnergyAnaerobic DigesterPublicMix Energy
TO,2050,WATWASELC,WATWASWWABADIPUB___MENE_23,0.2,WaterWasteWaste waterAhsbridges Bay Wastewater Treatment PlantTons to EnergyAnaerobic DigesterPublicMix Energy
TO,2050,WATWASNGA,WATWASWWHBGASERKSTDMENE_23,0.8,WaterWasteWaste waterHumber Wastewater Treatment PlantTons to EnergyGasificationEnerkemStandard EfficiencyMix Energy
TO,2050,WATWASELC,WATWASWWHBGASERKSTDMENE_23,0.2,WaterWasteWaste waterHumber Wastewater Treatment PlantTons to EnergyGasificationEnerkemStandard EfficiencyMix Energy
TO,2050,WATWASNGA,WATWASWWHBADIPUB___MENE_23,0.8,WaterWasteWaste waterHumber Wastewater Treatment PlantTons to EnergyAnaerobic DigesterPublicMix Energy
TO,2050,WATWASELC,WATWASWWHBADIPUB___MENE_23,0.2,WaterWasteWaste waterHumber Wastewater Treatment PlantTons to EnergyAnaerobic DigesterPublicMix Energy
TO,2050,WATWASNGA,WATWASWWHCGASERKSTDMENE_23,0.8,WaterWasteWaste waterHighland Creek Waterwater Treatment PlantTons to EnergyGasificationEnerkemStandard EfficiencyMix Energy
TO,2050,WATWASELC,WATWASWWHCGASERKSTDMENE_23,0.2,WaterWasteWaste waterHighland Creek Waterwater Treatment PlantTons to EnergyGasificationEnerkemStandard EfficiencyMix Energy
TO,2050,WATWASNGA,WATWASWWHCADIPUB___MENE_23,0.8,WaterWasteWaste waterHighland Creek Waterwater Treatment PlantTons to EnergyAnaerobic DigesterPublicMix Energy
TO,2050,WATWASELC,WATWASWWHCADIPUB___MENE_23,0.2,WaterWasteWaste waterHighland Creek Waterwater Treatment PlantTons to EnergyAnaerobic DigesterPublicMix Energy
