regions,periods,tech,group_name,min_share_g,tech_desc
TO,2023,FRETRAAGAIMP,NZ40-ENE-1-FRETRA,0.0000122,
TO,2023,FRETRAATFIMP,NZ40-ENE-1-FRETRA,0.0055404,
TO,2023,FRETRABDSLIMP,NZ40-ENE-1-FRETRA,0.0011684,
TO,2023,PASTRABDSLIMP,NZ40-ENE-1-PASTRA,0.0000029,
TO,2023,PUBTRABDSLIMP,NZ40-ENE-1-PUBTRA,0.0038365,
TO,2023,RESBDGBMAIMP,NZ40-ENE-1-RESBDG,0.0079025,
TO,2023,COMBDGBMTNIMP,NZ40-ENE-1-COMBDG,0.0000069,
TO,2023,PASTRABMTNIMP,NZ40-ENE-1-PASTRA,0.0000015,
TO,2023,PUBBDGBMTNIMP,NZ40-ENE-1-PUBBDG,0.0000205,
TO,2023,RESBDGBMTNIMP,NZ40-ENE-1-RESBDG,0.0000047,
TO,2023,RESBDGBWPIMP,NZ40-ENE-1-RESBDG,0.0060814,
TO,2023,FRETRACETHIMP,NZ40-ENE-1-FRETRA,0.0000201,
TO,2023,PASTRACETHIMP,NZ40-ENE-1-PASTRA,0.0000586,
TO,2023,PUBTRACETHIMP,NZ40-ENE-1-PUBTRA,0.0008176,
TO,2023,INDBDGCOAIMP,NZ40-ENE-1-INDBDG,0.0042454,
TO,2023,FRETRADSLIMP,NZ40-ENE-1-FRETRA,0.4688619,
TO,2023,PASTRADSLIMP,NZ40-ENE-1-PASTRA,0.0662947,
TO,2023,PUBTRADSLIMP,NZ40-ENE-1-PUBTRA,0.3761794,
TO,2023,COMBDGELCIMP23,NZ40-ENE-1-COMBDG,0.4940349,
TO,2023,INDBDGELCIMP23,NZ40-ENE-1-INDBDG,0.2356704,
TO,2023,PASTRAELCIMP23,NZ40-ENE-1-PASTRA,0.0273827,
TO,2023,PUBBDGELCIMP23,NZ40-ENE-1-PUBBDG,0.3674907,
TO,2023,RESBDGELCIMP23,NZ40-ENE-1-RESBDG,0.2079676,
TO,2023,FRETRAETHIMP,NZ40-ENE-1-FRETRA,0.0176960,
TO,2023,PASTRAETHIMP,NZ40-ENE-1-PASTRA,0.0000922,
TO,2023,PUBTRAETHIMP,NZ40-ENE-1-PUBTRA,0.0185647,
TO,2023,COMBDGETHOSIMP,NZ40-ENE-1-COMBDG,0.0000411,
TO,2023,RESBDGETHOSIMP,NZ40-ENE-1-RESBDG,0.0000020,
TO,2023,FRETRAFTDSLIMP,NZ40-ENE-1-FRETRA,0.0001331,
TO,2023,PUBTRAFTDSLIMP,NZ40-ENE-1-PUBTRA,0.0021622,
TO,2023,FRETRAGASIMP,NZ40-ENE-1-FRETRA,0.4231547,
TO,2023,PASTRAGASIMP,NZ40-ENE-1-PASTRA,0.8422810,
TO,2023,PUBTRAGASIMP,NZ40-ENE-1-PUBTRA,0.4534397,
TO,2023,COMBDGHFOIMP,NZ40-ENE-1-COMBDG,0.0002240,
TO,2023,INDBDGHFOIMP,NZ40-ENE-1-INDBDG,0.0055659,
TO,2023,PUBBDGHFOIMP,NZ40-ENE-1-PUBBDG,0.0000590,
TO,2023,RESBDGHH2IMP,NZ40-ENE-1-RESBDG,0.0000080,
TO,2023,COMBDGKERIMP,NZ40-ENE-1-COMBDG,0.0002259,
TO,2023,PUBBDGKERIMP,NZ40-ENE-1-PUBBDG,0.0000590,
TO,2023,RESBDGKERIMP,NZ40-ENE-1-RESBDG,0.0007356,
TO,2023,COMBDGLFOIMP,NZ40-ENE-1-COMBDG,0.0014977,
TO,2023,INDBDGLFOIMP,NZ40-ENE-1-INDBDG,0.0237059,
TO,2023,PUBBDGLFOIMP,NZ40-ENE-1-PUBBDG,0.0206246,
TO,2023,RESBDGLFOIMP,NZ40-ENE-1-RESBDG,0.0032384,
TO,2023,COMBDGNGAIMP,NZ40-ENE-1-COMBDG,0.4271888,
TO,2023,INDBDGNGAIMP,NZ40-ENE-1-INDBDG,0.6617552,
TO,2023,PASTRANGAIMP,NZ40-ENE-1-PASTRA,0.0086645,
TO,2023,PUBBDGNGAIMP,NZ40-ENE-1-PUBBDG,0.5612262,
TO,2023,RESBDGNGAIMP,NZ40-ENE-1-RESBDG,0.7178957,
TO,2023,INDBDGPCOKIMP,NZ40-ENE-1-INDBDG,0.0102562,
TO,2023,COMBDGPROIMP,NZ40-ENE-1-COMBDG,0.0265434,
TO,2023,FRETRAPROIMP,NZ40-ENE-1-FRETRA,0.0275339,
TO,2023,INDBDGPROIMP,NZ40-ENE-1-INDBDG,0.0051133,
TO,2023,PASTRAPROIMP,NZ40-ENE-1-PASTRA,0.0051856,
TO,2023,PUBBDGPROIMP,NZ40-ENE-1-PUBBDG,0.0000031,
TO,2023,RESBDGPROIMP,NZ40-ENE-1-RESBDG,0.0060947,
TO,2023,FRETRARDSLIMP,NZ40-ENE-1-FRETRA,0.0000034,
TO,2023,PASTRARDSLIMP,NZ40-ENE-1-PASTRA,0.0000129,
TO,2023,COMBDGSGAIMP,NZ40-ENE-1-COMBDG,0.0002374,
TO,2023,PASTRASGAIMP,NZ40-ENE-1-PASTRA,0.0000116,
TO,2023,PUBBDGSGAIMP,NZ40-ENE-1-PUBBDG,0.0005169,
TO,2023,RESBDGSGAIMP,NZ40-ENE-1-RESBDG,0.0000694,
TO,2023,PASTRASMTNIMP,NZ40-ENE-1-PASTRA,0.0000116,
TO,2024,FRETRAAGAIMP,NZ40-ENE-1-FRETRA,0.0000116,
TO,2024,FRETRAATFIMP,NZ40-ENE-1-FRETRA,0.0052488,
TO,2024,FRETRABDSLIMP,NZ40-ENE-1-FRETRA,0.0011069,
TO,2024,PASTRABDSLIMP,NZ40-ENE-1-PASTRA,0.0000028,
TO,2024,PUBTRABDSLIMP,NZ40-ENE-1-PUBTRA,0.0036346,
TO,2024,RESBDGBMAIMP,NZ40-ENE-1-RESBDG,0.0074866,
TO,2024,COMBDGBMTNIMP,NZ40-ENE-1-COMBDG,0.0000065,
TO,2024,PASTRABMTNIMP,NZ40-ENE-1-PASTRA,0.0000014,
TO,2024,PUBBDGBMTNIMP,NZ40-ENE-1-PUBBDG,0.0000194,
TO,2024,RESBDGBMTNIMP,NZ40-ENE-1-RESBDG,0.0000045,
TO,2024,RESBDGBWPIMP,NZ40-ENE-1-RESBDG,0.0057613,
TO,2024,FRETRACETHIMP,NZ40-ENE-1-FRETRA,0.0000191,
TO,2024,PASTRACETHIMP,NZ40-ENE-1-PASTRA,0.0000555,
TO,2024,PUBTRACETHIMP,NZ40-ENE-1-PUBTRA,0.0007745,
TO,2024,INDBDGCOAIMP,NZ40-ENE-1-INDBDG,0.0040220,
TO,2024,FRETRADSLIMP,NZ40-ENE-1-FRETRA,0.4441850,
TO,2024,PASTRADSLIMP,NZ40-ENE-1-PASTRA,0.0628055,
TO,2024,PUBTRADSLIMP,NZ40-ENE-1-PUBTRA,0.3563805,
TO,2024,COMBDGELCIMP24,NZ40-ENE-1-COMBDG,0.4680330,
TO,2024,INDBDGELCIMP24,NZ40-ENE-1-INDBDG,0.2232667,
TO,2024,PASTRAELCIMP24,NZ40-ENE-1-PASTRA,0.0259415,
TO,2024,PUBBDGELCIMP24,NZ40-ENE-1-PUBBDG,0.3481491,
TO,2024,RESBDGELCIMP24,NZ40-ENE-1-RESBDG,0.1970219,
TO,2024,FRETRAETHIMP,NZ40-ENE-1-FRETRA,0.0167646,
TO,2024,PASTRAETHIMP,NZ40-ENE-1-PASTRA,0.0000874,
TO,2024,PUBTRAETHIMP,NZ40-ENE-1-PUBTRA,0.0175876,
TO,2024,COMBDGETHOSIMP,NZ40-ENE-1-COMBDG,0.0000390,
TO,2024,RESBDGETHOSIMP,NZ40-ENE-1-RESBDG,0.0000019,
TO,2024,FRETRAFTDSLIMP,NZ40-ENE-1-FRETRA,0.0001261,
TO,2024,PUBTRAFTDSLIMP,NZ40-ENE-1-PUBTRA,0.0020484,
TO,2024,FRETRAGASIMP,NZ40-ENE-1-FRETRA,0.4008834,
TO,2024,PASTRAGASIMP,NZ40-ENE-1-PASTRA,0.7979505,
TO,2024,PUBTRAGASIMP,NZ40-ENE-1-PUBTRA,0.4295745,
TO,2024,COMBDGHFOIMP,NZ40-ENE-1-COMBDG,0.0002122,
TO,2024,INDBDGHFOIMP,NZ40-ENE-1-INDBDG,0.0052730,
TO,2024,PUBBDGHFOIMP,NZ40-ENE-1-PUBBDG,0.0000559,
TO,2024,RESBDGHH2IMP,NZ40-ENE-1-RESBDG,0.0000076,
TO,2024,COMBDGKERIMP,NZ40-ENE-1-COMBDG,0.0002140,
TO,2024,PUBBDGKERIMP,NZ40-ENE-1-PUBBDG,0.0000559,
TO,2024,RESBDGKERIMP,NZ40-ENE-1-RESBDG,0.0006969,
TO,2024,COMBDGLFOIMP,NZ40-ENE-1-COMBDG,0.0014188,
TO,2024,INDBDGLFOIMP,NZ40-ENE-1-INDBDG,0.0224582,
TO,2024,PUBBDGLFOIMP,NZ40-ENE-1-PUBBDG,0.0195391,
TO,2024,RESBDGLFOIMP,NZ40-ENE-1-RESBDG,0.0030680,
TO,2024,COMBDGNGAIMP,NZ40-ENE-1-COMBDG,0.4047051,
TO,2024,INDBDGNGAIMP,NZ40-ENE-1-INDBDG,0.6269260,
TO,2024,PASTRANGAIMP,NZ40-ENE-1-PASTRA,0.0082085,
TO,2024,PUBBDGNGAIMP,NZ40-ENE-1-PUBBDG,0.5316880,
TO,2024,RESBDGNGAIMP,NZ40-ENE-1-RESBDG,0.6801117,
TO,2024,INDBDGPCOKIMP,NZ40-ENE-1-INDBDG,0.0097164,
TO,2024,COMBDGPROIMP,NZ40-ENE-1-COMBDG,0.0251464,
TO,2024,FRETRAPROIMP,NZ40-ENE-1-FRETRA,0.0260848,
TO,2024,INDBDGPROIMP,NZ40-ENE-1-INDBDG,0.0048442,
TO,2024,PASTRAPROIMP,NZ40-ENE-1-PASTRA,0.0049127,
TO,2024,PUBBDGPROIMP,NZ40-ENE-1-PUBBDG,0.0000029,
TO,2024,RESBDGPROIMP,NZ40-ENE-1-RESBDG,0.0057739,
TO,2024,FRETRARDSLIMP,NZ40-ENE-1-FRETRA,0.0000032,
TO,2024,PASTRARDSLIMP,NZ40-ENE-1-PASTRA,0.0000122,
TO,2024,COMBDGSGAIMP,NZ40-ENE-1-COMBDG,0.0002249,
TO,2024,PASTRASGAIMP,NZ40-ENE-1-PASTRA,0.0000110,
TO,2024,PUBBDGSGAIMP,NZ40-ENE-1-PUBBDG,0.0004897,
TO,2024,RESBDGSGAIMP,NZ40-ENE-1-RESBDG,0.0000657,
TO,2024,PASTRASMTNIMP,NZ40-ENE-1-PASTRA,0.0000110,
TO,2025,FRETRAAGAIMP,NZ40-ENE-1-FRETRA,0.0000109,
TO,2025,FRETRAATFIMP,NZ40-ENE-1-FRETRA,0.0049572,
TO,2025,FRETRABDSLIMP,NZ40-ENE-1-FRETRA,0.0010454,
TO,2025,PASTRABDSLIMP,NZ40-ENE-1-PASTRA,0.0000026,
TO,2025,PUBTRABDSLIMP,NZ40-ENE-1-PUBTRA,0.0034327,
TO,2025,RESBDGBMAIMP,NZ40-ENE-1-RESBDG,0.0070707,
TO,2025,COMBDGBMTNIMP,NZ40-ENE-1-COMBDG,0.0000062,
TO,2025,PASTRABMTNIMP,NZ40-ENE-1-PASTRA,0.0000014,
TO,2025,PUBBDGBMTNIMP,NZ40-ENE-1-PUBBDG,0.0000184,
TO,2025,RESBDGBMTNIMP,NZ40-ENE-1-RESBDG,0.0000042,
TO,2025,RESBDGBWPIMP,NZ40-ENE-1-RESBDG,0.0054412,
TO,2025,FRETRACETHIMP,NZ40-ENE-1-FRETRA,0.0000180,
TO,2025,PASTRACETHIMP,NZ40-ENE-1-PASTRA,0.0000525,
TO,2025,PUBTRACETHIMP,NZ40-ENE-1-PUBTRA,0.0007315,
TO,2025,INDBDGCOAIMP,NZ40-ENE-1-INDBDG,0.0037986,
TO,2025,FRETRADSLIMP,NZ40-ENE-1-FRETRA,0.4195080,
TO,2025,PASTRADSLIMP,NZ40-ENE-1-PASTRA,0.0593163,
TO,2025,PUBTRADSLIMP,NZ40-ENE-1-PUBTRA,0.3365815,
TO,2025,COMBDGELCIMP25,NZ40-ENE-1-COMBDG,0.4420312,
TO,2025,INDBDGELCIMP25,NZ40-ENE-1-INDBDG,0.2108630,
TO,2025,PASTRAELCIMP25,NZ40-ENE-1-PASTRA,0.0245003,
TO,2025,PUBBDGELCIMP25,NZ40-ENE-1-PUBBDG,0.3288075,
TO,2025,RESBDGELCIMP25,NZ40-ENE-1-RESBDG,0.1860763,
TO,2025,FRETRAETHIMP,NZ40-ENE-1-FRETRA,0.0158332,
TO,2025,PASTRAETHIMP,NZ40-ENE-1-PASTRA,0.0000825,
TO,2025,PUBTRAETHIMP,NZ40-ENE-1-PUBTRA,0.0166105,
TO,2025,COMBDGETHOSIMP,NZ40-ENE-1-COMBDG,0.0000368,
TO,2025,RESBDGETHOSIMP,NZ40-ENE-1-RESBDG,0.0000018,
TO,2025,FRETRAFTDSLIMP,NZ40-ENE-1-FRETRA,0.0001191,
TO,2025,PUBTRAFTDSLIMP,NZ40-ENE-1-PUBTRA,0.0019346,
TO,2025,FRETRAGASIMP,NZ40-ENE-1-FRETRA,0.3786121,
TO,2025,PASTRAGASIMP,NZ40-ENE-1-PASTRA,0.7536199,
TO,2025,PUBTRAGASIMP,NZ40-ENE-1-PUBTRA,0.4057092,
TO,2025,COMBDGHFOIMP,NZ40-ENE-1-COMBDG,0.0002004,
TO,2025,INDBDGHFOIMP,NZ40-ENE-1-INDBDG,0.0049801,
TO,2025,PUBBDGHFOIMP,NZ40-ENE-1-PUBBDG,0.0000528,
TO,2025,RESBDGHH2IMP,NZ40-ENE-1-RESBDG,0.0000071,
TO,2025,COMBDGKERIMP,NZ40-ENE-1-COMBDG,0.0002021,
TO,2025,PUBBDGKERIMP,NZ40-ENE-1-PUBBDG,0.0000528,
TO,2025,RESBDGKERIMP,NZ40-ENE-1-RESBDG,0.0006582,
TO,2025,COMBDGLFOIMP,NZ40-ENE-1-COMBDG,0.0013400,
TO,2025,INDBDGLFOIMP,NZ40-ENE-1-INDBDG,0.0212106,
TO,2025,PUBBDGLFOIMP,NZ40-ENE-1-PUBBDG,0.0184535,
TO,2025,RESBDGLFOIMP,NZ40-ENE-1-RESBDG,0.0028975,
TO,2025,COMBDGNGAIMP,NZ40-ENE-1-COMBDG,0.3822215,
TO,2025,INDBDGNGAIMP,NZ40-ENE-1-INDBDG,0.5920968,
TO,2025,PASTRANGAIMP,NZ40-ENE-1-PASTRA,0.0077524,
TO,2025,PUBBDGNGAIMP,NZ40-ENE-1-PUBBDG,0.5021498,
TO,2025,RESBDGNGAIMP,NZ40-ENE-1-RESBDG,0.6423277,
TO,2025,INDBDGPCOKIMP,NZ40-ENE-1-INDBDG,0.0091766,
TO,2025,COMBDGPROIMP,NZ40-ENE-1-COMBDG,0.0237494,
TO,2025,FRETRAPROIMP,NZ40-ENE-1-FRETRA,0.0246356,
TO,2025,INDBDGPROIMP,NZ40-ENE-1-INDBDG,0.0045750,
TO,2025,PASTRAPROIMP,NZ40-ENE-1-PASTRA,0.0046398,
TO,2025,PUBBDGPROIMP,NZ40-ENE-1-PUBBDG,0.0000028,
TO,2025,RESBDGPROIMP,NZ40-ENE-1-RESBDG,0.0054531,
TO,2025,FRETRARDSLIMP,NZ40-ENE-1-FRETRA,0.0000030,
TO,2025,PASTRARDSLIMP,NZ40-ENE-1-PASTRA,0.0000115,
TO,2025,COMBDGSGAIMP,NZ40-ENE-1-COMBDG,0.0002124,
TO,2025,PASTRASGAIMP,NZ40-ENE-1-PASTRA,0.0000104,
TO,2025,PUBBDGSGAIMP,NZ40-ENE-1-PUBBDG,0.0004625,
TO,2025,RESBDGSGAIMP,NZ40-ENE-1-RESBDG,0.0000621,
TO,2025,PASTRASMTNIMP,NZ40-ENE-1-PASTRA,0.0000104,
TO,2026,FRETRAAGAIMP,NZ40-ENE-1-FRETRA,0.0000103,
TO,2026,FRETRAATFIMP,NZ40-ENE-1-FRETRA,0.0046656,
TO,2026,FRETRABDSLIMP,NZ40-ENE-1-FRETRA,0.0009839,
TO,2026,PASTRABDSLIMP,NZ40-ENE-1-PASTRA,0.0000025,
TO,2026,PUBTRABDSLIMP,NZ40-ENE-1-PUBTRA,0.0032308,
TO,2026,RESBDGBMAIMP,NZ40-ENE-1-RESBDG,0.0066547,
TO,2026,COMBDGBMTNIMP,NZ40-ENE-1-COMBDG,0.0000058,
TO,2026,PASTRABMTNIMP,NZ40-ENE-1-PASTRA,0.0000013,
TO,2026,PUBBDGBMTNIMP,NZ40-ENE-1-PUBBDG,0.0000173,
TO,2026,RESBDGBMTNIMP,NZ40-ENE-1-RESBDG,0.0000040,
TO,2026,RESBDGBWPIMP,NZ40-ENE-1-RESBDG,0.0051212,
TO,2026,FRETRACETHIMP,NZ40-ENE-1-FRETRA,0.0000169,
TO,2026,PASTRACETHIMP,NZ40-ENE-1-PASTRA,0.0000494,
TO,2026,PUBTRACETHIMP,NZ40-ENE-1-PUBTRA,0.0006885,
TO,2026,INDBDGCOAIMP,NZ40-ENE-1-INDBDG,0.0035751,
TO,2026,FRETRADSLIMP,NZ40-ENE-1-FRETRA,0.3948311,
TO,2026,PASTRADSLIMP,NZ40-ENE-1-PASTRA,0.0558271,
TO,2026,PUBTRADSLIMP,NZ40-ENE-1-PUBTRA,0.3167826,
TO,2026,COMBDGELCIMP26,NZ40-ENE-1-COMBDG,0.4160294,
TO,2026,INDBDGELCIMP26,NZ40-ENE-1-INDBDG,0.1984593,
TO,2026,PASTRAELCIMP26,NZ40-ENE-1-PASTRA,0.0230591,
TO,2026,PUBBDGELCIMP26,NZ40-ENE-1-PUBBDG,0.3094658,
TO,2026,RESBDGELCIMP26,NZ40-ENE-1-RESBDG,0.1751306,
TO,2026,FRETRAETHIMP,NZ40-ENE-1-FRETRA,0.0149019,
TO,2026,PASTRAETHIMP,NZ40-ENE-1-PASTRA,0.0000777,
TO,2026,PUBTRAETHIMP,NZ40-ENE-1-PUBTRA,0.0156334,
TO,2026,COMBDGETHOSIMP,NZ40-ENE-1-COMBDG,0.0000346,
TO,2026,RESBDGETHOSIMP,NZ40-ENE-1-RESBDG,0.0000017,
TO,2026,FRETRAFTDSLIMP,NZ40-ENE-1-FRETRA,0.0001121,
TO,2026,PUBTRAFTDSLIMP,NZ40-ENE-1-PUBTRA,0.0018208,
TO,2026,FRETRAGASIMP,NZ40-ENE-1-FRETRA,0.3563408,
TO,2026,PASTRAGASIMP,NZ40-ENE-1-PASTRA,0.7092893,
TO,2026,PUBTRAGASIMP,NZ40-ENE-1-PUBTRA,0.3818440,
TO,2026,COMBDGHFOIMP,NZ40-ENE-1-COMBDG,0.0001886,
TO,2026,INDBDGHFOIMP,NZ40-ENE-1-INDBDG,0.0046871,
TO,2026,PUBBDGHFOIMP,NZ40-ENE-1-PUBBDG,0.0000497,
TO,2026,RESBDGHH2IMP,NZ40-ENE-1-RESBDG,0.0000067,
TO,2026,COMBDGKERIMP,NZ40-ENE-1-COMBDG,0.0001902,
TO,2026,PUBBDGKERIMP,NZ40-ENE-1-PUBBDG,0.0000497,
TO,2026,RESBDGKERIMP,NZ40-ENE-1-RESBDG,0.0006194,
TO,2026,COMBDGLFOIMP,NZ40-ENE-1-COMBDG,0.0012612,
TO,2026,INDBDGLFOIMP,NZ40-ENE-1-INDBDG,0.0199629,
TO,2026,PUBBDGLFOIMP,NZ40-ENE-1-PUBBDG,0.0173680,
TO,2026,RESBDGLFOIMP,NZ40-ENE-1-RESBDG,0.0027271,
TO,2026,COMBDGNGAIMP,NZ40-ENE-1-COMBDG,0.3597379,
TO,2026,INDBDGNGAIMP,NZ40-ENE-1-INDBDG,0.5572676,
TO,2026,PASTRANGAIMP,NZ40-ENE-1-PASTRA,0.0072964,
TO,2026,PUBBDGNGAIMP,NZ40-ENE-1-PUBBDG,0.4726115,
TO,2026,RESBDGNGAIMP,NZ40-ENE-1-RESBDG,0.6045437,
TO,2026,INDBDGPCOKIMP,NZ40-ENE-1-INDBDG,0.0086368,
TO,2026,COMBDGPROIMP,NZ40-ENE-1-COMBDG,0.0223524,
TO,2026,FRETRAPROIMP,NZ40-ENE-1-FRETRA,0.0231865,
TO,2026,INDBDGPROIMP,NZ40-ENE-1-INDBDG,0.0043059,
TO,2026,PASTRAPROIMP,NZ40-ENE-1-PASTRA,0.0043668,
TO,2026,PUBBDGPROIMP,NZ40-ENE-1-PUBBDG,0.0000026,
TO,2026,RESBDGPROIMP,NZ40-ENE-1-RESBDG,0.0051324,
TO,2026,FRETRARDSLIMP,NZ40-ENE-1-FRETRA,0.0000028,
TO,2026,PASTRARDSLIMP,NZ40-ENE-1-PASTRA,0.0000108,
TO,2026,COMBDGSGAIMP,NZ40-ENE-1-COMBDG,0.0001999,
TO,2026,PASTRASGAIMP,NZ40-ENE-1-PASTRA,0.0000098,
TO,2026,PUBBDGSGAIMP,NZ40-ENE-1-PUBBDG,0.0004353,
TO,2026,RESBDGSGAIMP,NZ40-ENE-1-RESBDG,0.0000584,
TO,2026,PASTRASMTNIMP,NZ40-ENE-1-PASTRA,0.0000098,
TO,2027,FRETRAAGAIMP,NZ40-ENE-1-FRETRA,0.0000096,
TO,2027,FRETRAATFIMP,NZ40-ENE-1-FRETRA,0.0043740,
TO,2027,FRETRABDSLIMP,NZ40-ENE-1-FRETRA,0.0009224,
TO,2027,PASTRABDSLIMP,NZ40-ENE-1-PASTRA,0.0000023,
TO,2027,PUBTRABDSLIMP,NZ40-ENE-1-PUBTRA,0.0030288,
TO,2027,RESBDGBMAIMP,NZ40-ENE-1-RESBDG,0.0062388,
TO,2027,COMBDGBMTNIMP,NZ40-ENE-1-COMBDG,0.0000054,
TO,2027,PASTRABMTNIMP,NZ40-ENE-1-PASTRA,0.0000012,
TO,2027,PUBBDGBMTNIMP,NZ40-ENE-1-PUBBDG,0.0000162,
TO,2027,RESBDGBMTNIMP,NZ40-ENE-1-RESBDG,0.0000037,
TO,2027,RESBDGBWPIMP,NZ40-ENE-1-RESBDG,0.0048011,
TO,2027,FRETRACETHIMP,NZ40-ENE-1-FRETRA,0.0000159,
TO,2027,PASTRACETHIMP,NZ40-ENE-1-PASTRA,0.0000463,
TO,2027,PUBTRACETHIMP,NZ40-ENE-1-PUBTRA,0.0006455,
TO,2027,INDBDGCOAIMP,NZ40-ENE-1-INDBDG,0.0033517,
TO,2027,FRETRADSLIMP,NZ40-ENE-1-FRETRA,0.3701541,
TO,2027,PASTRADSLIMP,NZ40-ENE-1-PASTRA,0.0523379,
TO,2027,PUBTRADSLIMP,NZ40-ENE-1-PUBTRA,0.2969837,
TO,2027,COMBDGELCIMP27,NZ40-ENE-1-COMBDG,0.3900275,
TO,2027,INDBDGELCIMP27,NZ40-ENE-1-INDBDG,0.1860555,
TO,2027,PASTRAELCIMP27,NZ40-ENE-1-PASTRA,0.0216179,
TO,2027,PUBBDGELCIMP27,NZ40-ENE-1-PUBBDG,0.2901242,
TO,2027,RESBDGELCIMP27,NZ40-ENE-1-RESBDG,0.1641849,
TO,2027,FRETRAETHIMP,NZ40-ENE-1-FRETRA,0.0139705,
TO,2027,PASTRAETHIMP,NZ40-ENE-1-PASTRA,0.0000728,
TO,2027,PUBTRAETHIMP,NZ40-ENE-1-PUBTRA,0.0146563,
TO,2027,COMBDGETHOSIMP,NZ40-ENE-1-COMBDG,0.0000325,
TO,2027,RESBDGETHOSIMP,NZ40-ENE-1-RESBDG,0.0000016,
TO,2027,FRETRAFTDSLIMP,NZ40-ENE-1-FRETRA,0.0001051,
TO,2027,PUBTRAFTDSLIMP,NZ40-ENE-1-PUBTRA,0.0017070,
TO,2027,FRETRAGASIMP,NZ40-ENE-1-FRETRA,0.3340695,
TO,2027,PASTRAGASIMP,NZ40-ENE-1-PASTRA,0.6649587,
TO,2027,PUBTRAGASIMP,NZ40-ENE-1-PUBTRA,0.3579787,
TO,2027,COMBDGHFOIMP,NZ40-ENE-1-COMBDG,0.0001768,
TO,2027,INDBDGHFOIMP,NZ40-ENE-1-INDBDG,0.0043942,
TO,2027,PUBBDGHFOIMP,NZ40-ENE-1-PUBBDG,0.0000466,
TO,2027,RESBDGHH2IMP,NZ40-ENE-1-RESBDG,0.0000063,
TO,2027,COMBDGKERIMP,NZ40-ENE-1-COMBDG,0.0001783,
TO,2027,PUBBDGKERIMP,NZ40-ENE-1-PUBBDG,0.0000466,
TO,2027,RESBDGKERIMP,NZ40-ENE-1-RESBDG,0.0005807,
TO,2027,COMBDGLFOIMP,NZ40-ENE-1-COMBDG,0.0011824,
TO,2027,INDBDGLFOIMP,NZ40-ENE-1-INDBDG,0.0187152,
TO,2027,PUBBDGLFOIMP,NZ40-ENE-1-PUBBDG,0.0162825,
TO,2027,RESBDGLFOIMP,NZ40-ENE-1-RESBDG,0.0025567,
TO,2027,COMBDGNGAIMP,NZ40-ENE-1-COMBDG,0.3372543,
TO,2027,INDBDGNGAIMP,NZ40-ENE-1-INDBDG,0.5224383,
TO,2027,PASTRANGAIMP,NZ40-ENE-1-PASTRA,0.0068404,
TO,2027,PUBBDGNGAIMP,NZ40-ENE-1-PUBBDG,0.4430733,
TO,2027,RESBDGNGAIMP,NZ40-ENE-1-RESBDG,0.5667598,
TO,2027,INDBDGPCOKIMP,NZ40-ENE-1-INDBDG,0.0080970,
TO,2027,COMBDGPROIMP,NZ40-ENE-1-COMBDG,0.0209554,
TO,2027,FRETRAPROIMP,NZ40-ENE-1-FRETRA,0.0217373,
TO,2027,INDBDGPROIMP,NZ40-ENE-1-INDBDG,0.0040368,
TO,2027,PASTRAPROIMP,NZ40-ENE-1-PASTRA,0.0040939,
TO,2027,PUBBDGPROIMP,NZ40-ENE-1-PUBBDG,0.0000024,
TO,2027,RESBDGPROIMP,NZ40-ENE-1-RESBDG,0.0048116,
TO,2027,FRETRARDSLIMP,NZ40-ENE-1-FRETRA,0.0000027,
TO,2027,PASTRARDSLIMP,NZ40-ENE-1-PASTRA,0.0000102,
TO,2027,COMBDGSGAIMP,NZ40-ENE-1-COMBDG,0.0001874,
TO,2027,PASTRASGAIMP,NZ40-ENE-1-PASTRA,0.0000092,
TO,2027,PUBBDGSGAIMP,NZ40-ENE-1-PUBBDG,0.0004081,
TO,2027,RESBDGSGAIMP,NZ40-ENE-1-RESBDG,0.0000548,
TO,2027,PASTRASMTNIMP,NZ40-ENE-1-PASTRA,0.0000092,
TO,2028,FRETRAAGAIMP,NZ40-ENE-1-FRETRA,0.0000090,
TO,2028,FRETRAATFIMP,NZ40-ENE-1-FRETRA,0.0040824,
TO,2028,FRETRABDSLIMP,NZ40-ENE-1-FRETRA,0.0008609,
TO,2028,PASTRABDSLIMP,NZ40-ENE-1-PASTRA,0.0000022,
TO,2028,PUBTRABDSLIMP,NZ40-ENE-1-PUBTRA,0.0028269,
TO,2028,RESBDGBMAIMP,NZ40-ENE-1-RESBDG,0.0058229,
TO,2028,COMBDGBMTNIMP,NZ40-ENE-1-COMBDG,0.0000051,
TO,2028,PASTRABMTNIMP,NZ40-ENE-1-PASTRA,0.0000011,
TO,2028,PUBBDGBMTNIMP,NZ40-ENE-1-PUBBDG,0.0000151,
TO,2028,RESBDGBMTNIMP,NZ40-ENE-1-RESBDG,0.0000035,
TO,2028,RESBDGBWPIMP,NZ40-ENE-1-RESBDG,0.0044810,
TO,2028,FRETRACETHIMP,NZ40-ENE-1-FRETRA,0.0000148,
TO,2028,PASTRACETHIMP,NZ40-ENE-1-PASTRA,0.0000432,
TO,2028,PUBTRACETHIMP,NZ40-ENE-1-PUBTRA,0.0006024,
TO,2028,INDBDGCOAIMP,NZ40-ENE-1-INDBDG,0.0031282,
TO,2028,FRETRADSLIMP,NZ40-ENE-1-FRETRA,0.3454772,
TO,2028,PASTRADSLIMP,NZ40-ENE-1-PASTRA,0.0488487,
TO,2028,PUBTRADSLIMP,NZ40-ENE-1-PUBTRA,0.2771848,
TO,2028,COMBDGELCIMP28,NZ40-ENE-1-COMBDG,0.3640257,
TO,2028,INDBDGELCIMP28,NZ40-ENE-1-INDBDG,0.1736518,
TO,2028,PASTRAELCIMP28,NZ40-ENE-1-PASTRA,0.0201767,
TO,2028,PUBBDGELCIMP28,NZ40-ENE-1-PUBBDG,0.2707826,
TO,2028,RESBDGELCIMP28,NZ40-ENE-1-RESBDG,0.1532393,
TO,2028,FRETRAETHIMP,NZ40-ENE-1-FRETRA,0.0130391,
TO,2028,PASTRAETHIMP,NZ40-ENE-1-PASTRA,0.0000680,
TO,2028,PUBTRAETHIMP,NZ40-ENE-1-PUBTRA,0.0136792,
TO,2028,COMBDGETHOSIMP,NZ40-ENE-1-COMBDG,0.0000303,
TO,2028,RESBDGETHOSIMP,NZ40-ENE-1-RESBDG,0.0000015,
TO,2028,FRETRAFTDSLIMP,NZ40-ENE-1-FRETRA,0.0000981,
TO,2028,PUBTRAFTDSLIMP,NZ40-ENE-1-PUBTRA,0.0015932,
TO,2028,FRETRAGASIMP,NZ40-ENE-1-FRETRA,0.3117982,
TO,2028,PASTRAGASIMP,NZ40-ENE-1-PASTRA,0.6206281,
TO,2028,PUBTRAGASIMP,NZ40-ENE-1-PUBTRA,0.3341135,
TO,2028,COMBDGHFOIMP,NZ40-ENE-1-COMBDG,0.0001650,
TO,2028,INDBDGHFOIMP,NZ40-ENE-1-INDBDG,0.0041012,
TO,2028,PUBBDGHFOIMP,NZ40-ENE-1-PUBBDG,0.0000435,
TO,2028,RESBDGHH2IMP,NZ40-ENE-1-RESBDG,0.0000059,
TO,2028,COMBDGKERIMP,NZ40-ENE-1-COMBDG,0.0001665,
TO,2028,PUBBDGKERIMP,NZ40-ENE-1-PUBBDG,0.0000435,
TO,2028,RESBDGKERIMP,NZ40-ENE-1-RESBDG,0.0005420,
TO,2028,COMBDGLFOIMP,NZ40-ENE-1-COMBDG,0.0011035,
TO,2028,INDBDGLFOIMP,NZ40-ENE-1-INDBDG,0.0174675,
TO,2028,PUBBDGLFOIMP,NZ40-ENE-1-PUBBDG,0.0151970,
TO,2028,RESBDGLFOIMP,NZ40-ENE-1-RESBDG,0.0023862,
TO,2028,COMBDGNGAIMP,NZ40-ENE-1-COMBDG,0.3147707,
TO,2028,INDBDGNGAIMP,NZ40-ENE-1-INDBDG,0.4876091,
TO,2028,PASTRANGAIMP,NZ40-ENE-1-PASTRA,0.0063844,
TO,2028,PUBBDGNGAIMP,NZ40-ENE-1-PUBBDG,0.4135351,
TO,2028,RESBDGNGAIMP,NZ40-ENE-1-RESBDG,0.5289758,
TO,2028,INDBDGPCOKIMP,NZ40-ENE-1-INDBDG,0.0075572,
TO,2028,COMBDGPROIMP,NZ40-ENE-1-COMBDG,0.0195583,
TO,2028,FRETRAPROIMP,NZ40-ENE-1-FRETRA,0.0202882,
TO,2028,INDBDGPROIMP,NZ40-ENE-1-INDBDG,0.0037677,
TO,2028,PASTRAPROIMP,NZ40-ENE-1-PASTRA,0.0038210,
TO,2028,PUBBDGPROIMP,NZ40-ENE-1-PUBBDG,0.0000023,
TO,2028,RESBDGPROIMP,NZ40-ENE-1-RESBDG,0.0044908,
TO,2028,FRETRARDSLIMP,NZ40-ENE-1-FRETRA,0.0000025,
TO,2028,PASTRARDSLIMP,NZ40-ENE-1-PASTRA,0.0000095,
TO,2028,COMBDGSGAIMP,NZ40-ENE-1-COMBDG,0.0001749,
TO,2028,PASTRASGAIMP,NZ40-ENE-1-PASTRA,0.0000086,
TO,2028,PUBBDGSGAIMP,NZ40-ENE-1-PUBBDG,0.0003809,
TO,2028,RESBDGSGAIMP,NZ40-ENE-1-RESBDG,0.0000511,
TO,2028,PASTRASMTNIMP,NZ40-ENE-1-PASTRA,0.0000086,
TO,2029,FRETRAAGAIMP,NZ40-ENE-1-FRETRA,0.0000083,
TO,2029,FRETRAATFIMP,NZ40-ENE-1-FRETRA,0.0037908,
TO,2029,FRETRABDSLIMP,NZ40-ENE-1-FRETRA,0.0007994,
TO,2029,PASTRABDSLIMP,NZ40-ENE-1-PASTRA,0.0000020,
TO,2029,PUBTRABDSLIMP,NZ40-ENE-1-PUBTRA,0.0026250,
TO,2029,RESBDGBMAIMP,NZ40-ENE-1-RESBDG,0.0054070,
TO,2029,COMBDGBMTNIMP,NZ40-ENE-1-COMBDG,0.0000047,
TO,2029,PASTRABMTNIMP,NZ40-ENE-1-PASTRA,0.0000010,
TO,2029,PUBBDGBMTNIMP,NZ40-ENE-1-PUBBDG,0.0000140,
TO,2029,RESBDGBMTNIMP,NZ40-ENE-1-RESBDG,0.0000032,
TO,2029,RESBDGBWPIMP,NZ40-ENE-1-RESBDG,0.0041609,
TO,2029,FRETRACETHIMP,NZ40-ENE-1-FRETRA,0.0000138,
TO,2029,PASTRACETHIMP,NZ40-ENE-1-PASTRA,0.0000401,
TO,2029,PUBTRACETHIMP,NZ40-ENE-1-PUBTRA,0.0005594,
TO,2029,INDBDGCOAIMP,NZ40-ENE-1-INDBDG,0.0029048,
TO,2029,FRETRADSLIMP,NZ40-ENE-1-FRETRA,0.3208002,
TO,2029,PASTRADSLIMP,NZ40-ENE-1-PASTRA,0.0453595,
TO,2029,PUBTRADSLIMP,NZ40-ENE-1-PUBTRA,0.2573859,
TO,2029,COMBDGELCIMP29,NZ40-ENE-1-COMBDG,0.3380239,
TO,2029,INDBDGELCIMP29,NZ40-ENE-1-INDBDG,0.1612481,
TO,2029,PASTRAELCIMP29,NZ40-ENE-1-PASTRA,0.0187355,
TO,2029,PUBBDGELCIMP29,NZ40-ENE-1-PUBBDG,0.2514410,
TO,2029,RESBDGELCIMP29,NZ40-ENE-1-RESBDG,0.1422936,
TO,2029,FRETRAETHIMP,NZ40-ENE-1-FRETRA,0.0121078,
TO,2029,PASTRAETHIMP,NZ40-ENE-1-PASTRA,0.0000631,
TO,2029,PUBTRAETHIMP,NZ40-ENE-1-PUBTRA,0.0127021,
TO,2029,COMBDGETHOSIMP,NZ40-ENE-1-COMBDG,0.0000281,
TO,2029,RESBDGETHOSIMP,NZ40-ENE-1-RESBDG,0.0000014,
TO,2029,FRETRAFTDSLIMP,NZ40-ENE-1-FRETRA,0.0000911,
TO,2029,PUBTRAFTDSLIMP,NZ40-ENE-1-PUBTRA,0.0014794,
TO,2029,FRETRAGASIMP,NZ40-ENE-1-FRETRA,0.2895269,
TO,2029,PASTRAGASIMP,NZ40-ENE-1-PASTRA,0.5762975,
TO,2029,PUBTRAGASIMP,NZ40-ENE-1-PUBTRA,0.3102482,
TO,2029,COMBDGHFOIMP,NZ40-ENE-1-COMBDG,0.0001533,
TO,2029,INDBDGHFOIMP,NZ40-ENE-1-INDBDG,0.0038083,
TO,2029,PUBBDGHFOIMP,NZ40-ENE-1-PUBBDG,0.0000404,
TO,2029,RESBDGHH2IMP,NZ40-ENE-1-RESBDG,0.0000055,
TO,2029,COMBDGKERIMP,NZ40-ENE-1-COMBDG,0.0001546,
TO,2029,PUBBDGKERIMP,NZ40-ENE-1-PUBBDG,0.0000404,
TO,2029,RESBDGKERIMP,NZ40-ENE-1-RESBDG,0.0005033,
TO,2029,COMBDGLFOIMP,NZ40-ENE-1-COMBDG,0.0010247,
TO,2029,INDBDGLFOIMP,NZ40-ENE-1-INDBDG,0.0162198,
TO,2029,PUBBDGLFOIMP,NZ40-ENE-1-PUBBDG,0.0141115,
TO,2029,RESBDGLFOIMP,NZ40-ENE-1-RESBDG,0.0022158,
TO,2029,COMBDGNGAIMP,NZ40-ENE-1-COMBDG,0.2922870,
TO,2029,INDBDGNGAIMP,NZ40-ENE-1-INDBDG,0.4527799,
TO,2029,PASTRANGAIMP,NZ40-ENE-1-PASTRA,0.0059283,
TO,2029,PUBBDGNGAIMP,NZ40-ENE-1-PUBBDG,0.3839969,
TO,2029,RESBDGNGAIMP,NZ40-ENE-1-RESBDG,0.4911918,
TO,2029,INDBDGPCOKIMP,NZ40-ENE-1-INDBDG,0.0070174,
TO,2029,COMBDGPROIMP,NZ40-ENE-1-COMBDG,0.0181613,
TO,2029,FRETRAPROIMP,NZ40-ENE-1-FRETRA,0.0188390,
TO,2029,INDBDGPROIMP,NZ40-ENE-1-INDBDG,0.0034986,
TO,2029,PASTRAPROIMP,NZ40-ENE-1-PASTRA,0.0035481,
TO,2029,PUBBDGPROIMP,NZ40-ENE-1-PUBBDG,0.0000021,
TO,2029,RESBDGPROIMP,NZ40-ENE-1-RESBDG,0.0041701,
TO,2029,FRETRARDSLIMP,NZ40-ENE-1-FRETRA,0.0000023,
TO,2029,PASTRARDSLIMP,NZ40-ENE-1-PASTRA,0.0000088,
TO,2029,COMBDGSGAIMP,NZ40-ENE-1-COMBDG,0.0001624,
TO,2029,PASTRASGAIMP,NZ40-ENE-1-PASTRA,0.0000080,
TO,2029,PUBBDGSGAIMP,NZ40-ENE-1-PUBBDG,0.0003537,
TO,2029,RESBDGSGAIMP,NZ40-ENE-1-RESBDG,0.0000475,
TO,2029,PASTRASMTNIMP,NZ40-ENE-1-PASTRA,0.0000080,
TO,2030,FRETRAAGAIMP,NZ40-ENE-1-FRETRA,0.0000077,
TO,2030,FRETRAATFIMP,NZ40-ENE-1-FRETRA,0.0034992,
TO,2030,FRETRABDSLIMP,NZ40-ENE-1-FRETRA,0.0007379,
TO,2030,PASTRABDSLIMP,NZ40-ENE-1-PASTRA,0.0000019,
TO,2030,PUBTRABDSLIMP,NZ40-ENE-1-PUBTRA,0.0024231,
TO,2030,RESBDGBMAIMP,NZ40-ENE-1-RESBDG,0.0049911,
TO,2030,COMBDGBMTNIMP,NZ40-ENE-1-COMBDG,0.0000044,
TO,2030,PASTRABMTNIMP,NZ40-ENE-1-PASTRA,0.0000010,
TO,2030,PUBBDGBMTNIMP,NZ40-ENE-1-PUBBDG,0.0000130,
TO,2030,RESBDGBMTNIMP,NZ40-ENE-1-RESBDG,0.0000030,
TO,2030,RESBDGBWPIMP,NZ40-ENE-1-RESBDG,0.0038409,
TO,2030,FRETRACETHIMP,NZ40-ENE-1-FRETRA,0.0000127,
TO,2030,PASTRACETHIMP,NZ40-ENE-1-PASTRA,0.0000370,
TO,2030,PUBTRACETHIMP,NZ40-ENE-1-PUBTRA,0.0005164,
TO,2030,INDBDGCOAIMP,NZ40-ENE-1-INDBDG,0.0026813,
TO,2030,FRETRADSLIMP,NZ40-ENE-1-FRETRA,0.2961233,
TO,2030,PASTRADSLIMP,NZ40-ENE-1-PASTRA,0.0418703,
TO,2030,PUBTRADSLIMP,NZ40-ENE-1-PUBTRA,0.2375870,
TO,2030,COMBDGELCIMP30,NZ40-ENE-1-COMBDG,0.3120220,
TO,2030,INDBDGELCIMP30,NZ40-ENE-1-INDBDG,0.1488444,
TO,2030,PASTRAELCIMP30,NZ40-ENE-1-PASTRA,0.0172943,
TO,2030,PUBBDGELCIMP30,NZ40-ENE-1-PUBBDG,0.2320994,
TO,2030,RESBDGELCIMP30,NZ40-ENE-1-RESBDG,0.1313480,
TO,2030,FRETRAETHIMP,NZ40-ENE-1-FRETRA,0.0111764,
TO,2030,PASTRAETHIMP,NZ40-ENE-1-PASTRA,0.0000583,
TO,2030,PUBTRAETHIMP,NZ40-ENE-1-PUBTRA,0.0117250,
TO,2030,COMBDGETHOSIMP,NZ40-ENE-1-COMBDG,0.0000260,
TO,2030,RESBDGETHOSIMP,NZ40-ENE-1-RESBDG,0.0000013,
TO,2030,FRETRAFTDSLIMP,NZ40-ENE-1-FRETRA,0.0000841,
TO,2030,PUBTRAFTDSLIMP,NZ40-ENE-1-PUBTRA,0.0013656,
TO,2030,FRETRAGASIMP,NZ40-ENE-1-FRETRA,0.2672556,
TO,2030,PASTRAGASIMP,NZ40-ENE-1-PASTRA,0.5319670,
TO,2030,PUBTRAGASIMP,NZ40-ENE-1-PUBTRA,0.2863830,
TO,2030,COMBDGHFOIMP,NZ40-ENE-1-COMBDG,0.0001415,
TO,2030,INDBDGHFOIMP,NZ40-ENE-1-INDBDG,0.0035153,
TO,2030,PUBBDGHFOIMP,NZ40-ENE-1-PUBBDG,0.0000373,
TO,2030,RESBDGHH2IMP,NZ40-ENE-1-RESBDG,0.0000050,
TO,2030,COMBDGKERIMP,NZ40-ENE-1-COMBDG,0.0001427,
TO,2030,PUBBDGKERIMP,NZ40-ENE-1-PUBBDG,0.0000373,
TO,2030,RESBDGKERIMP,NZ40-ENE-1-RESBDG,0.0004646,
TO,2030,COMBDGLFOIMP,NZ40-ENE-1-COMBDG,0.0009459,
TO,2030,INDBDGLFOIMP,NZ40-ENE-1-INDBDG,0.0149722,
TO,2030,PUBBDGLFOIMP,NZ40-ENE-1-PUBBDG,0.0130260,
TO,2030,RESBDGLFOIMP,NZ40-ENE-1-RESBDG,0.0020453,
TO,2030,COMBDGNGAIMP,NZ40-ENE-1-COMBDG,0.2698034,
TO,2030,INDBDGNGAIMP,NZ40-ENE-1-INDBDG,0.4179507,
TO,2030,PASTRANGAIMP,NZ40-ENE-1-PASTRA,0.0054723,
TO,2030,PUBBDGNGAIMP,NZ40-ENE-1-PUBBDG,0.3544587,
TO,2030,RESBDGNGAIMP,NZ40-ENE-1-RESBDG,0.4534078,
TO,2030,INDBDGPCOKIMP,NZ40-ENE-1-INDBDG,0.0064776,
TO,2030,COMBDGPROIMP,NZ40-ENE-1-COMBDG,0.0167643,
TO,2030,FRETRAPROIMP,NZ40-ENE-1-FRETRA,0.0173898,
TO,2030,INDBDGPROIMP,NZ40-ENE-1-INDBDG,0.0032294,
TO,2030,PASTRAPROIMP,NZ40-ENE-1-PASTRA,0.0032751,
TO,2030,PUBBDGPROIMP,NZ40-ENE-1-PUBBDG,0.0000020,
TO,2030,RESBDGPROIMP,NZ40-ENE-1-RESBDG,0.0038493,
TO,2030,FRETRARDSLIMP,NZ40-ENE-1-FRETRA,0.0000021,
TO,2030,PASTRARDSLIMP,NZ40-ENE-1-PASTRA,0.0000081,
TO,2030,COMBDGSGAIMP,NZ40-ENE-1-COMBDG,0.0001499,
TO,2030,PASTRASGAIMP,NZ40-ENE-1-PASTRA,0.0000073,
TO,2030,PUBBDGSGAIMP,NZ40-ENE-1-PUBBDG,0.0003265,
TO,2030,RESBDGSGAIMP,NZ40-ENE-1-RESBDG,0.0000438,
TO,2030,PASTRASMTNIMP,NZ40-ENE-1-PASTRA,0.0000073,
TO,2031,FRETRAAGAIMP,NZ40-ENE-1-FRETRA,0.0000071,
TO,2031,FRETRAATFIMP,NZ40-ENE-1-FRETRA,0.0032076,
TO,2031,FRETRABDSLIMP,NZ40-ENE-1-FRETRA,0.0006764,
TO,2031,PASTRABDSLIMP,NZ40-ENE-1-PASTRA,0.0000017,
TO,2031,PUBTRABDSLIMP,NZ40-ENE-1-PUBTRA,0.0022211,
TO,2031,RESBDGBMAIMP,NZ40-ENE-1-RESBDG,0.0045751,
TO,2031,COMBDGBMTNIMP,NZ40-ENE-1-COMBDG,0.0000040,
TO,2031,PASTRABMTNIMP,NZ40-ENE-1-PASTRA,0.0000009,
TO,2031,PUBBDGBMTNIMP,NZ40-ENE-1-PUBBDG,0.0000119,
TO,2031,RESBDGBMTNIMP,NZ40-ENE-1-RESBDG,0.0000027,
TO,2031,RESBDGBWPIMP,NZ40-ENE-1-RESBDG,0.0035208,
TO,2031,FRETRACETHIMP,NZ40-ENE-1-FRETRA,0.0000117,
TO,2031,PASTRACETHIMP,NZ40-ENE-1-PASTRA,0.0000339,
TO,2031,PUBTRACETHIMP,NZ40-ENE-1-PUBTRA,0.0004733,
TO,2031,INDBDGCOAIMP,NZ40-ENE-1-INDBDG,0.0024579,
TO,2031,FRETRADSLIMP,NZ40-ENE-1-FRETRA,0.2714464,
TO,2031,PASTRADSLIMP,NZ40-ENE-1-PASTRA,0.0383811,
TO,2031,PUBTRADSLIMP,NZ40-ENE-1-PUBTRA,0.2177881,
TO,2031,COMBDGELCIMP31,NZ40-ENE-1-COMBDG,0.2860202,
TO,2031,INDBDGELCIMP31,NZ40-ENE-1-INDBDG,0.1364407,
TO,2031,PASTRAELCIMP31,NZ40-ENE-1-PASTRA,0.0158531,
TO,2031,PUBBDGELCIMP31,NZ40-ENE-1-PUBBDG,0.2127578,
TO,2031,RESBDGELCIMP31,NZ40-ENE-1-RESBDG,0.1204023,
TO,2031,FRETRAETHIMP,NZ40-ENE-1-FRETRA,0.0102450,
TO,2031,PASTRAETHIMP,NZ40-ENE-1-PASTRA,0.0000534,
TO,2031,PUBTRAETHIMP,NZ40-ENE-1-PUBTRA,0.0107480,
TO,2031,COMBDGETHOSIMP,NZ40-ENE-1-COMBDG,0.0000238,
TO,2031,RESBDGETHOSIMP,NZ40-ENE-1-RESBDG,0.0000012,
TO,2031,FRETRAFTDSLIMP,NZ40-ENE-1-FRETRA,0.0000771,
TO,2031,PUBTRAFTDSLIMP,NZ40-ENE-1-PUBTRA,0.0012518,
TO,2031,FRETRAGASIMP,NZ40-ENE-1-FRETRA,0.2449843,
TO,2031,PASTRAGASIMP,NZ40-ENE-1-PASTRA,0.4876364,
TO,2031,PUBTRAGASIMP,NZ40-ENE-1-PUBTRA,0.2625177,
TO,2031,COMBDGHFOIMP,NZ40-ENE-1-COMBDG,0.0001297,
TO,2031,INDBDGHFOIMP,NZ40-ENE-1-INDBDG,0.0032224,
TO,2031,PUBBDGHFOIMP,NZ40-ENE-1-PUBBDG,0.0000342,
TO,2031,RESBDGHH2IMP,NZ40-ENE-1-RESBDG,0.0000046,
TO,2031,COMBDGKERIMP,NZ40-ENE-1-COMBDG,0.0001308,
TO,2031,PUBBDGKERIMP,NZ40-ENE-1-PUBBDG,0.0000342,
TO,2031,RESBDGKERIMP,NZ40-ENE-1-RESBDG,0.0004259,
TO,2031,COMBDGLFOIMP,NZ40-ENE-1-COMBDG,0.0008671,
TO,2031,INDBDGLFOIMP,NZ40-ENE-1-INDBDG,0.0137245,
TO,2031,PUBBDGLFOIMP,NZ40-ENE-1-PUBBDG,0.0119405,
TO,2031,RESBDGLFOIMP,NZ40-ENE-1-RESBDG,0.0018749,
TO,2031,COMBDGNGAIMP,NZ40-ENE-1-COMBDG,0.2473198,
TO,2031,INDBDGNGAIMP,NZ40-ENE-1-INDBDG,0.3831215,
TO,2031,PASTRANGAIMP,NZ40-ENE-1-PASTRA,0.0050163,
TO,2031,PUBBDGNGAIMP,NZ40-ENE-1-PUBBDG,0.3249204,
TO,2031,RESBDGNGAIMP,NZ40-ENE-1-RESBDG,0.4156238,
TO,2031,INDBDGPCOKIMP,NZ40-ENE-1-INDBDG,0.0059378,
TO,2031,COMBDGPROIMP,NZ40-ENE-1-COMBDG,0.0153673,
TO,2031,FRETRAPROIMP,NZ40-ENE-1-FRETRA,0.0159407,
TO,2031,INDBDGPROIMP,NZ40-ENE-1-INDBDG,0.0029603,
TO,2031,PASTRAPROIMP,NZ40-ENE-1-PASTRA,0.0030022,
TO,2031,PUBBDGPROIMP,NZ40-ENE-1-PUBBDG,0.0000018,
TO,2031,RESBDGPROIMP,NZ40-ENE-1-RESBDG,0.0035285,
TO,2031,FRETRARDSLIMP,NZ40-ENE-1-FRETRA,0.0000020,
TO,2031,PASTRARDSLIMP,NZ40-ENE-1-PASTRA,0.0000074,
TO,2031,COMBDGSGAIMP,NZ40-ENE-1-COMBDG,0.0001374,
TO,2031,PASTRASGAIMP,NZ40-ENE-1-PASTRA,0.0000067,
TO,2031,PUBBDGSGAIMP,NZ40-ENE-1-PUBBDG,0.0002993,
TO,2031,RESBDGSGAIMP,NZ40-ENE-1-RESBDG,0.0000402,
TO,2031,PASTRASMTNIMP,NZ40-ENE-1-PASTRA,0.0000067,
TO,2032,FRETRAAGAIMP,NZ40-ENE-1-FRETRA,0.0000064,
TO,2032,FRETRAATFIMP,NZ40-ENE-1-FRETRA,0.0029160,
TO,2032,FRETRABDSLIMP,NZ40-ENE-1-FRETRA,0.0006149,
TO,2032,PASTRABDSLIMP,NZ40-ENE-1-PASTRA,0.0000015,
TO,2032,PUBTRABDSLIMP,NZ40-ENE-1-PUBTRA,0.0020192,
TO,2032,RESBDGBMAIMP,NZ40-ENE-1-RESBDG,0.0041592,
TO,2032,COMBDGBMTNIMP,NZ40-ENE-1-COMBDG,0.0000036,
TO,2032,PASTRABMTNIMP,NZ40-ENE-1-PASTRA,0.0000008,
TO,2032,PUBBDGBMTNIMP,NZ40-ENE-1-PUBBDG,0.0000108,
TO,2032,RESBDGBMTNIMP,NZ40-ENE-1-RESBDG,0.0000025,
TO,2032,RESBDGBWPIMP,NZ40-ENE-1-RESBDG,0.0032007,
TO,2032,FRETRACETHIMP,NZ40-ENE-1-FRETRA,0.0000106,
TO,2032,PASTRACETHIMP,NZ40-ENE-1-PASTRA,0.0000309,
TO,2032,PUBTRACETHIMP,NZ40-ENE-1-PUBTRA,0.0004303,
TO,2032,INDBDGCOAIMP,NZ40-ENE-1-INDBDG,0.0022344,
TO,2032,FRETRADSLIMP,NZ40-ENE-1-FRETRA,0.2467694,
TO,2032,PASTRADSLIMP,NZ40-ENE-1-PASTRA,0.0348919,
TO,2032,PUBTRADSLIMP,NZ40-ENE-1-PUBTRA,0.1979891,
TO,2032,COMBDGELCIMP32,NZ40-ENE-1-COMBDG,0.2600184,
TO,2032,INDBDGELCIMP32,NZ40-ENE-1-INDBDG,0.1240370,
TO,2032,PASTRAELCIMP32,NZ40-ENE-1-PASTRA,0.0144120,
TO,2032,PUBBDGELCIMP32,NZ40-ENE-1-PUBBDG,0.1934162,
TO,2032,RESBDGELCIMP32,NZ40-ENE-1-RESBDG,0.1094566,
TO,2032,FRETRAETHIMP,NZ40-ENE-1-FRETRA,0.0093137,
TO,2032,PASTRAETHIMP,NZ40-ENE-1-PASTRA,0.0000485,
TO,2032,PUBTRAETHIMP,NZ40-ENE-1-PUBTRA,0.0097709,
TO,2032,COMBDGETHOSIMP,NZ40-ENE-1-COMBDG,0.0000216,
TO,2032,RESBDGETHOSIMP,NZ40-ENE-1-RESBDG,0.0000011,
TO,2032,FRETRAFTDSLIMP,NZ40-ENE-1-FRETRA,0.0000701,
TO,2032,PUBTRAFTDSLIMP,NZ40-ENE-1-PUBTRA,0.0011380,
TO,2032,FRETRAGASIMP,NZ40-ENE-1-FRETRA,0.2227130,
TO,2032,PASTRAGASIMP,NZ40-ENE-1-PASTRA,0.4433058,
TO,2032,PUBTRAGASIMP,NZ40-ENE-1-PUBTRA,0.2386525,
TO,2032,COMBDGHFOIMP,NZ40-ENE-1-COMBDG,0.0001179,
TO,2032,INDBDGHFOIMP,NZ40-ENE-1-INDBDG,0.0029294,
TO,2032,PUBBDGHFOIMP,NZ40-ENE-1-PUBBDG,0.0000311,
TO,2032,RESBDGHH2IMP,NZ40-ENE-1-RESBDG,0.0000042,
TO,2032,COMBDGKERIMP,NZ40-ENE-1-COMBDG,0.0001189,
TO,2032,PUBBDGKERIMP,NZ40-ENE-1-PUBBDG,0.0000311,
TO,2032,RESBDGKERIMP,NZ40-ENE-1-RESBDG,0.0003872,
TO,2032,COMBDGLFOIMP,NZ40-ENE-1-COMBDG,0.0007882,
TO,2032,INDBDGLFOIMP,NZ40-ENE-1-INDBDG,0.0124768,
TO,2032,PUBBDGLFOIMP,NZ40-ENE-1-PUBBDG,0.0108550,
TO,2032,RESBDGLFOIMP,NZ40-ENE-1-RESBDG,0.0017044,
TO,2032,COMBDGNGAIMP,NZ40-ENE-1-COMBDG,0.2248362,
TO,2032,INDBDGNGAIMP,NZ40-ENE-1-INDBDG,0.3482922,
TO,2032,PASTRANGAIMP,NZ40-ENE-1-PASTRA,0.0045603,
TO,2032,PUBBDGNGAIMP,NZ40-ENE-1-PUBBDG,0.2953822,
TO,2032,RESBDGNGAIMP,NZ40-ENE-1-RESBDG,0.3778398,
TO,2032,INDBDGPCOKIMP,NZ40-ENE-1-INDBDG,0.0053980,
TO,2032,COMBDGPROIMP,NZ40-ENE-1-COMBDG,0.0139702,
TO,2032,FRETRAPROIMP,NZ40-ENE-1-FRETRA,0.0144915,
TO,2032,INDBDGPROIMP,NZ40-ENE-1-INDBDG,0.0026912,
TO,2032,PASTRAPROIMP,NZ40-ENE-1-PASTRA,0.0027293,
TO,2032,PUBBDGPROIMP,NZ40-ENE-1-PUBBDG,0.0000016,
TO,2032,RESBDGPROIMP,NZ40-ENE-1-RESBDG,0.0032077,
TO,2032,FRETRARDSLIMP,NZ40-ENE-1-FRETRA,0.0000018,
TO,2032,PASTRARDSLIMP,NZ40-ENE-1-PASTRA,0.0000068,
TO,2032,COMBDGSGAIMP,NZ40-ENE-1-COMBDG,0.0001249,
TO,2032,PASTRASGAIMP,NZ40-ENE-1-PASTRA,0.0000061,
TO,2032,PUBBDGSGAIMP,NZ40-ENE-1-PUBBDG,0.0002721,
TO,2032,RESBDGSGAIMP,NZ40-ENE-1-RESBDG,0.0000365,
TO,2032,PASTRASMTNIMP,NZ40-ENE-1-PASTRA,0.0000061,
TO,2033,FRETRAAGAIMP,NZ40-ENE-1-FRETRA,0.0000058,
TO,2033,FRETRAATFIMP,NZ40-ENE-1-FRETRA,0.0026244,
TO,2033,FRETRABDSLIMP,NZ40-ENE-1-FRETRA,0.0005535,
TO,2033,PASTRABDSLIMP,NZ40-ENE-1-PASTRA,0.0000014,
TO,2033,PUBTRABDSLIMP,NZ40-ENE-1-PUBTRA,0.0018173,
TO,2033,RESBDGBMAIMP,NZ40-ENE-1-RESBDG,0.0037433,
TO,2033,COMBDGBMTNIMP,NZ40-ENE-1-COMBDG,0.0000033,
TO,2033,PASTRABMTNIMP,NZ40-ENE-1-PASTRA,0.0000007,
TO,2033,PUBBDGBMTNIMP,NZ40-ENE-1-PUBBDG,0.0000097,
TO,2033,RESBDGBMTNIMP,NZ40-ENE-1-RESBDG,0.0000022,
TO,2033,RESBDGBWPIMP,NZ40-ENE-1-RESBDG,0.0028807,
TO,2033,FRETRACETHIMP,NZ40-ENE-1-FRETRA,0.0000095,
TO,2033,PASTRACETHIMP,NZ40-ENE-1-PASTRA,0.0000278,
TO,2033,PUBTRACETHIMP,NZ40-ENE-1-PUBTRA,0.0003873,
TO,2033,INDBDGCOAIMP,NZ40-ENE-1-INDBDG,0.0020110,
TO,2033,FRETRADSLIMP,NZ40-ENE-1-FRETRA,0.2220925,
TO,2033,PASTRADSLIMP,NZ40-ENE-1-PASTRA,0.0314028,
TO,2033,PUBTRADSLIMP,NZ40-ENE-1-PUBTRA,0.1781902,
TO,2033,COMBDGELCIMP33,NZ40-ENE-1-COMBDG,0.2340165,
TO,2033,INDBDGELCIMP33,NZ40-ENE-1-INDBDG,0.1116333,
TO,2033,PASTRAELCIMP33,NZ40-ENE-1-PASTRA,0.0129708,
TO,2033,PUBBDGELCIMP33,NZ40-ENE-1-PUBBDG,0.1740745,
TO,2033,RESBDGELCIMP33,NZ40-ENE-1-RESBDG,0.0985110,
TO,2033,FRETRAETHIMP,NZ40-ENE-1-FRETRA,0.0083823,
TO,2033,PASTRAETHIMP,NZ40-ENE-1-PASTRA,0.0000437,
TO,2033,PUBTRAETHIMP,NZ40-ENE-1-PUBTRA,0.0087938,
TO,2033,COMBDGETHOSIMP,NZ40-ENE-1-COMBDG,0.0000195,
TO,2033,RESBDGETHOSIMP,NZ40-ENE-1-RESBDG,0.0000010,
TO,2033,FRETRAFTDSLIMP,NZ40-ENE-1-FRETRA,0.0000631,
TO,2033,PUBTRAFTDSLIMP,NZ40-ENE-1-PUBTRA,0.0010242,
TO,2033,FRETRAGASIMP,NZ40-ENE-1-FRETRA,0.2004417,
TO,2033,PASTRAGASIMP,NZ40-ENE-1-PASTRA,0.3989752,
TO,2033,PUBTRAGASIMP,NZ40-ENE-1-PUBTRA,0.2147872,
TO,2033,COMBDGHFOIMP,NZ40-ENE-1-COMBDG,0.0001061,
TO,2033,INDBDGHFOIMP,NZ40-ENE-1-INDBDG,0.0026365,
TO,2033,PUBBDGHFOIMP,NZ40-ENE-1-PUBBDG,0.0000280,
TO,2033,RESBDGHH2IMP,NZ40-ENE-1-RESBDG,0.0000038,
TO,2033,COMBDGKERIMP,NZ40-ENE-1-COMBDG,0.0001070,
TO,2033,PUBBDGKERIMP,NZ40-ENE-1-PUBBDG,0.0000280,
TO,2033,RESBDGKERIMP,NZ40-ENE-1-RESBDG,0.0003484,
TO,2033,COMBDGLFOIMP,NZ40-ENE-1-COMBDG,0.0007094,
TO,2033,INDBDGLFOIMP,NZ40-ENE-1-INDBDG,0.0112291,
TO,2033,PUBBDGLFOIMP,NZ40-ENE-1-PUBBDG,0.0097695,
TO,2033,RESBDGLFOIMP,NZ40-ENE-1-RESBDG,0.0015340,
TO,2033,COMBDGNGAIMP,NZ40-ENE-1-COMBDG,0.2023526,
TO,2033,INDBDGNGAIMP,NZ40-ENE-1-INDBDG,0.3134630,
TO,2033,PASTRANGAIMP,NZ40-ENE-1-PASTRA,0.0041042,
TO,2033,PUBBDGNGAIMP,NZ40-ENE-1-PUBBDG,0.2658440,
TO,2033,RESBDGNGAIMP,NZ40-ENE-1-RESBDG,0.3400559,
TO,2033,INDBDGPCOKIMP,NZ40-ENE-1-INDBDG,0.0048582,
TO,2033,COMBDGPROIMP,NZ40-ENE-1-COMBDG,0.0125732,
TO,2033,FRETRAPROIMP,NZ40-ENE-1-FRETRA,0.0130424,
TO,2033,INDBDGPROIMP,NZ40-ENE-1-INDBDG,0.0024221,
TO,2033,PASTRAPROIMP,NZ40-ENE-1-PASTRA,0.0024564,
TO,2033,PUBBDGPROIMP,NZ40-ENE-1-PUBBDG,0.0000015,
TO,2033,RESBDGPROIMP,NZ40-ENE-1-RESBDG,0.0028870,
TO,2033,FRETRARDSLIMP,NZ40-ENE-1-FRETRA,0.0000016,
TO,2033,PASTRARDSLIMP,NZ40-ENE-1-PASTRA,0.0000061,
TO,2033,COMBDGSGAIMP,NZ40-ENE-1-COMBDG,0.0001124,
TO,2033,PASTRASGAIMP,NZ40-ENE-1-PASTRA,0.0000055,
TO,2033,PUBBDGSGAIMP,NZ40-ENE-1-PUBBDG,0.0002449,
TO,2033,RESBDGSGAIMP,NZ40-ENE-1-RESBDG,0.0000329,
TO,2033,PASTRASMTNIMP,NZ40-ENE-1-PASTRA,0.0000055,
TO,2034,FRETRAAGAIMP,NZ40-ENE-1-FRETRA,0.0000051,
TO,2034,FRETRAATFIMP,NZ40-ENE-1-FRETRA,0.0023328,
TO,2034,FRETRABDSLIMP,NZ40-ENE-1-FRETRA,0.0004920,
TO,2034,PASTRABDSLIMP,NZ40-ENE-1-PASTRA,0.0000012,
TO,2034,PUBTRABDSLIMP,NZ40-ENE-1-PUBTRA,0.0016154,
TO,2034,RESBDGBMAIMP,NZ40-ENE-1-RESBDG,0.0033274,
TO,2034,COMBDGBMTNIMP,NZ40-ENE-1-COMBDG,0.0000029,
TO,2034,PASTRABMTNIMP,NZ40-ENE-1-PASTRA,0.0000006,
TO,2034,PUBBDGBMTNIMP,NZ40-ENE-1-PUBBDG,0.0000086,
TO,2034,RESBDGBMTNIMP,NZ40-ENE-1-RESBDG,0.0000020,
TO,2034,RESBDGBWPIMP,NZ40-ENE-1-RESBDG,0.0025606,
TO,2034,FRETRACETHIMP,NZ40-ENE-1-FRETRA,0.0000085,
TO,2034,PASTRACETHIMP,NZ40-ENE-1-PASTRA,0.0000247,
TO,2034,PUBTRACETHIMP,NZ40-ENE-1-PUBTRA,0.0003442,
TO,2034,INDBDGCOAIMP,NZ40-ENE-1-INDBDG,0.0017876,
TO,2034,FRETRADSLIMP,NZ40-ENE-1-FRETRA,0.1974155,
TO,2034,PASTRADSLIMP,NZ40-ENE-1-PASTRA,0.0279136,
TO,2034,PUBTRADSLIMP,NZ40-ENE-1-PUBTRA,0.1583913,
TO,2034,COMBDGELCIMP34,NZ40-ENE-1-COMBDG,0.2080147,
TO,2034,INDBDGELCIMP34,NZ40-ENE-1-INDBDG,0.0992296,
TO,2034,PASTRAELCIMP34,NZ40-ENE-1-PASTRA,0.0115296,
TO,2034,PUBBDGELCIMP34,NZ40-ENE-1-PUBBDG,0.1547329,
TO,2034,RESBDGELCIMP34,NZ40-ENE-1-RESBDG,0.0875653,
TO,2034,FRETRAETHIMP,NZ40-ENE-1-FRETRA,0.0074509,
TO,2034,PASTRAETHIMP,NZ40-ENE-1-PASTRA,0.0000388,
TO,2034,PUBTRAETHIMP,NZ40-ENE-1-PUBTRA,0.0078167,
TO,2034,COMBDGETHOSIMP,NZ40-ENE-1-COMBDG,0.0000173,
TO,2034,RESBDGETHOSIMP,NZ40-ENE-1-RESBDG,0.0000009,
TO,2034,FRETRAFTDSLIMP,NZ40-ENE-1-FRETRA,0.0000561,
TO,2034,PUBTRAFTDSLIMP,NZ40-ENE-1-PUBTRA,0.0009104,
TO,2034,FRETRAGASIMP,NZ40-ENE-1-FRETRA,0.1781704,
TO,2034,PASTRAGASIMP,NZ40-ENE-1-PASTRA,0.3546446,
TO,2034,PUBTRAGASIMP,NZ40-ENE-1-PUBTRA,0.1909220,
TO,2034,COMBDGHFOIMP,NZ40-ENE-1-COMBDG,0.0000943,
TO,2034,INDBDGHFOIMP,NZ40-ENE-1-INDBDG,0.0023436,
TO,2034,PUBBDGHFOIMP,NZ40-ENE-1-PUBBDG,0.0000248,
TO,2034,RESBDGHH2IMP,NZ40-ENE-1-RESBDG,0.0000034,
TO,2034,COMBDGKERIMP,NZ40-ENE-1-COMBDG,0.0000951,
TO,2034,PUBBDGKERIMP,NZ40-ENE-1-PUBBDG,0.0000248,
TO,2034,RESBDGKERIMP,NZ40-ENE-1-RESBDG,0.0003097,
TO,2034,COMBDGLFOIMP,NZ40-ENE-1-COMBDG,0.0006306,
TO,2034,INDBDGLFOIMP,NZ40-ENE-1-INDBDG,0.0099814,
TO,2034,PUBBDGLFOIMP,NZ40-ENE-1-PUBBDG,0.0086840,
TO,2034,RESBDGLFOIMP,NZ40-ENE-1-RESBDG,0.0013636,
TO,2034,COMBDGNGAIMP,NZ40-ENE-1-COMBDG,0.1798690,
TO,2034,INDBDGNGAIMP,NZ40-ENE-1-INDBDG,0.2786338,
TO,2034,PASTRANGAIMP,NZ40-ENE-1-PASTRA,0.0036482,
TO,2034,PUBBDGNGAIMP,NZ40-ENE-1-PUBBDG,0.2363058,
TO,2034,RESBDGNGAIMP,NZ40-ENE-1-RESBDG,0.3022719,
TO,2034,INDBDGPCOKIMP,NZ40-ENE-1-INDBDG,0.0043184,
TO,2034,COMBDGPROIMP,NZ40-ENE-1-COMBDG,0.0111762,
TO,2034,FRETRAPROIMP,NZ40-ENE-1-FRETRA,0.0115932,
TO,2034,INDBDGPROIMP,NZ40-ENE-1-INDBDG,0.0021530,
TO,2034,PASTRAPROIMP,NZ40-ENE-1-PASTRA,0.0021834,
TO,2034,PUBBDGPROIMP,NZ40-ENE-1-PUBBDG,0.0000013,
TO,2034,RESBDGPROIMP,NZ40-ENE-1-RESBDG,0.0025662,
TO,2034,FRETRARDSLIMP,NZ40-ENE-1-FRETRA,0.0000014,
TO,2034,PASTRARDSLIMP,NZ40-ENE-1-PASTRA,0.0000054,
TO,2034,COMBDGSGAIMP,NZ40-ENE-1-COMBDG,0.0000999,
TO,2034,PASTRASGAIMP,NZ40-ENE-1-PASTRA,0.0000049,
TO,2034,PUBBDGSGAIMP,NZ40-ENE-1-PUBBDG,0.0002176,
TO,2034,RESBDGSGAIMP,NZ40-ENE-1-RESBDG,0.0000292,
TO,2034,PASTRASMTNIMP,NZ40-ENE-1-PASTRA,0.0000049,
TO,2035,FRETRAAGAIMP,NZ40-ENE-1-FRETRA,0.0000045,
TO,2035,FRETRAATFIMP,NZ40-ENE-1-FRETRA,0.0020412,
TO,2035,FRETRABDSLIMP,NZ40-ENE-1-FRETRA,0.0004305,
TO,2035,PASTRABDSLIMP,NZ40-ENE-1-PASTRA,0.0000011,
TO,2035,PUBTRABDSLIMP,NZ40-ENE-1-PUBTRA,0.0014135,
TO,2035,RESBDGBMAIMP,NZ40-ENE-1-RESBDG,0.0029114,
TO,2035,COMBDGBMTNIMP,NZ40-ENE-1-COMBDG,0.0000025,
TO,2035,PASTRABMTNIMP,NZ40-ENE-1-PASTRA,0.0000006,
TO,2035,PUBBDGBMTNIMP,NZ40-ENE-1-PUBBDG,0.0000076,
TO,2035,RESBDGBMTNIMP,NZ40-ENE-1-RESBDG,0.0000017,
TO,2035,RESBDGBWPIMP,NZ40-ENE-1-RESBDG,0.0022405,
TO,2035,FRETRACETHIMP,NZ40-ENE-1-FRETRA,0.0000074,
TO,2035,PASTRACETHIMP,NZ40-ENE-1-PASTRA,0.0000216,
TO,2035,PUBTRACETHIMP,NZ40-ENE-1-PUBTRA,0.0003012,
TO,2035,INDBDGCOAIMP,NZ40-ENE-1-INDBDG,0.0015641,
TO,2035,FRETRADSLIMP,NZ40-ENE-1-FRETRA,0.1727386,
TO,2035,PASTRADSLIMP,NZ40-ENE-1-PASTRA,0.0244244,
TO,2035,PUBTRADSLIMP,NZ40-ENE-1-PUBTRA,0.1385924,
TO,2035,COMBDGELCIMP35,NZ40-ENE-1-COMBDG,0.1820128,
TO,2035,INDBDGELCIMP35,NZ40-ENE-1-INDBDG,0.0868259,
TO,2035,PASTRAELCIMP35,NZ40-ENE-1-PASTRA,0.0100884,
TO,2035,PUBBDGELCIMP35,NZ40-ENE-1-PUBBDG,0.1353913,
TO,2035,RESBDGELCIMP35,NZ40-ENE-1-RESBDG,0.0766196,
TO,2035,FRETRAETHIMP,NZ40-ENE-1-FRETRA,0.0065196,
TO,2035,PASTRAETHIMP,NZ40-ENE-1-PASTRA,0.0000340,
TO,2035,PUBTRAETHIMP,NZ40-ENE-1-PUBTRA,0.0068396,
TO,2035,COMBDGETHOSIMP,NZ40-ENE-1-COMBDG,0.0000151,
TO,2035,RESBDGETHOSIMP,NZ40-ENE-1-RESBDG,0.0000008,
TO,2035,FRETRAFTDSLIMP,NZ40-ENE-1-FRETRA,0.0000491,
TO,2035,PUBTRAFTDSLIMP,NZ40-ENE-1-PUBTRA,0.0007966,
TO,2035,FRETRAGASIMP,NZ40-ENE-1-FRETRA,0.1558991,
TO,2035,PASTRAGASIMP,NZ40-ENE-1-PASTRA,0.3103141,
TO,2035,PUBTRAGASIMP,NZ40-ENE-1-PUBTRA,0.1670567,
TO,2035,COMBDGHFOIMP,NZ40-ENE-1-COMBDG,0.0000825,
TO,2035,INDBDGHFOIMP,NZ40-ENE-1-INDBDG,0.0020506,
TO,2035,PUBBDGHFOIMP,NZ40-ENE-1-PUBBDG,0.0000217,
TO,2035,RESBDGHH2IMP,NZ40-ENE-1-RESBDG,0.0000029,
TO,2035,COMBDGKERIMP,NZ40-ENE-1-COMBDG,0.0000832,
TO,2035,PUBBDGKERIMP,NZ40-ENE-1-PUBBDG,0.0000217,
TO,2035,RESBDGKERIMP,NZ40-ENE-1-RESBDG,0.0002710,
TO,2035,COMBDGLFOIMP,NZ40-ENE-1-COMBDG,0.0005518,
TO,2035,INDBDGLFOIMP,NZ40-ENE-1-INDBDG,0.0087338,
TO,2035,PUBBDGLFOIMP,NZ40-ENE-1-PUBBDG,0.0075985,
TO,2035,RESBDGLFOIMP,NZ40-ENE-1-RESBDG,0.0011931,
TO,2035,COMBDGNGAIMP,NZ40-ENE-1-COMBDG,0.1573853,
TO,2035,INDBDGNGAIMP,NZ40-ENE-1-INDBDG,0.2438046,
TO,2035,PASTRANGAIMP,NZ40-ENE-1-PASTRA,0.0031922,
TO,2035,PUBBDGNGAIMP,NZ40-ENE-1-PUBBDG,0.2067676,
TO,2035,RESBDGNGAIMP,NZ40-ENE-1-RESBDG,0.2644879,
TO,2035,INDBDGPCOKIMP,NZ40-ENE-1-INDBDG,0.0037786,
TO,2035,COMBDGPROIMP,NZ40-ENE-1-COMBDG,0.0097792,
TO,2035,FRETRAPROIMP,NZ40-ENE-1-FRETRA,0.0101441,
TO,2035,INDBDGPROIMP,NZ40-ENE-1-INDBDG,0.0018838,
TO,2035,PASTRAPROIMP,NZ40-ENE-1-PASTRA,0.0019105,
TO,2035,PUBBDGPROIMP,NZ40-ENE-1-PUBBDG,0.0000011,
TO,2035,RESBDGPROIMP,NZ40-ENE-1-RESBDG,0.0022454,
TO,2035,FRETRARDSLIMP,NZ40-ENE-1-FRETRA,0.0000012,
TO,2035,PASTRARDSLIMP,NZ40-ENE-1-PASTRA,0.0000047,
TO,2035,COMBDGSGAIMP,NZ40-ENE-1-COMBDG,0.0000874,
TO,2035,PASTRASGAIMP,NZ40-ENE-1-PASTRA,0.0000043,
TO,2035,PUBBDGSGAIMP,NZ40-ENE-1-PUBBDG,0.0001904,
TO,2035,RESBDGSGAIMP,NZ40-ENE-1-RESBDG,0.0000256,
TO,2035,PASTRASMTNIMP,NZ40-ENE-1-PASTRA,0.0000043,
TO,2036,FRETRAAGAIMP,NZ40-ENE-1-FRETRA,0.0000039,
TO,2036,FRETRAATFIMP,NZ40-ENE-1-FRETRA,0.0017496,
TO,2036,FRETRABDSLIMP,NZ40-ENE-1-FRETRA,0.0003690,
TO,2036,PASTRABDSLIMP,NZ40-ENE-1-PASTRA,0.0000009,
TO,2036,PUBTRABDSLIMP,NZ40-ENE-1-PUBTRA,0.0012115,
TO,2036,RESBDGBMAIMP,NZ40-ENE-1-RESBDG,0.0024955,
TO,2036,COMBDGBMTNIMP,NZ40-ENE-1-COMBDG,0.0000022,
TO,2036,PASTRABMTNIMP,NZ40-ENE-1-PASTRA,0.0000005,
TO,2036,PUBBDGBMTNIMP,NZ40-ENE-1-PUBBDG,0.0000065,
TO,2036,RESBDGBMTNIMP,NZ40-ENE-1-RESBDG,0.0000015,
TO,2036,RESBDGBWPIMP,NZ40-ENE-1-RESBDG,0.0019204,
TO,2036,FRETRACETHIMP,NZ40-ENE-1-FRETRA,0.0000064,
TO,2036,PASTRACETHIMP,NZ40-ENE-1-PASTRA,0.0000185,
TO,2036,PUBTRACETHIMP,NZ40-ENE-1-PUBTRA,0.0002582,
TO,2036,INDBDGCOAIMP,NZ40-ENE-1-INDBDG,0.0013407,
TO,2036,FRETRADSLIMP,NZ40-ENE-1-FRETRA,0.1480617,
TO,2036,PASTRADSLIMP,NZ40-ENE-1-PASTRA,0.0209352,
TO,2036,PUBTRADSLIMP,NZ40-ENE-1-PUBTRA,0.1187935,
TO,2036,COMBDGELCIMP36,NZ40-ENE-1-COMBDG,0.1560110,
TO,2036,INDBDGELCIMP36,NZ40-ENE-1-INDBDG,0.0744222,
TO,2036,PASTRAELCIMP36,NZ40-ENE-1-PASTRA,0.0086472,
TO,2036,PUBBDGELCIMP36,NZ40-ENE-1-PUBBDG,0.1160497,
TO,2036,RESBDGELCIMP36,NZ40-ENE-1-RESBDG,0.0656740,
TO,2036,FRETRAETHIMP,NZ40-ENE-1-FRETRA,0.0055882,
TO,2036,PASTRAETHIMP,NZ40-ENE-1-PASTRA,0.0000291,
TO,2036,PUBTRAETHIMP,NZ40-ENE-1-PUBTRA,0.0058625,
TO,2036,COMBDGETHOSIMP,NZ40-ENE-1-COMBDG,0.0000130,
TO,2036,RESBDGETHOSIMP,NZ40-ENE-1-RESBDG,0.0000006,
TO,2036,FRETRAFTDSLIMP,NZ40-ENE-1-FRETRA,0.0000420,
TO,2036,PUBTRAFTDSLIMP,NZ40-ENE-1-PUBTRA,0.0006828,
TO,2036,FRETRAGASIMP,NZ40-ENE-1-FRETRA,0.1336278,
TO,2036,PASTRAGASIMP,NZ40-ENE-1-PASTRA,0.2659835,
TO,2036,PUBTRAGASIMP,NZ40-ENE-1-PUBTRA,0.1431915,
TO,2036,COMBDGHFOIMP,NZ40-ENE-1-COMBDG,0.0000707,
TO,2036,INDBDGHFOIMP,NZ40-ENE-1-INDBDG,0.0017577,
TO,2036,PUBBDGHFOIMP,NZ40-ENE-1-PUBBDG,0.0000186,
TO,2036,RESBDGHH2IMP,NZ40-ENE-1-RESBDG,0.0000025,
TO,2036,COMBDGKERIMP,NZ40-ENE-1-COMBDG,0.0000713,
TO,2036,PUBBDGKERIMP,NZ40-ENE-1-PUBBDG,0.0000186,
TO,2036,RESBDGKERIMP,NZ40-ENE-1-RESBDG,0.0002323,
TO,2036,COMBDGLFOIMP,NZ40-ENE-1-COMBDG,0.0004729,
TO,2036,INDBDGLFOIMP,NZ40-ENE-1-INDBDG,0.0074861,
TO,2036,PUBBDGLFOIMP,NZ40-ENE-1-PUBBDG,0.0065130,
TO,2036,RESBDGLFOIMP,NZ40-ENE-1-RESBDG,0.0010227,
TO,2036,COMBDGNGAIMP,NZ40-ENE-1-COMBDG,0.1349017,
TO,2036,INDBDGNGAIMP,NZ40-ENE-1-INDBDG,0.2089753,
TO,2036,PASTRANGAIMP,NZ40-ENE-1-PASTRA,0.0027362,
TO,2036,PUBBDGNGAIMP,NZ40-ENE-1-PUBBDG,0.1772293,
TO,2036,RESBDGNGAIMP,NZ40-ENE-1-RESBDG,0.2267039,
TO,2036,INDBDGPCOKIMP,NZ40-ENE-1-INDBDG,0.0032388,
TO,2036,COMBDGPROIMP,NZ40-ENE-1-COMBDG,0.0083821,
TO,2036,FRETRAPROIMP,NZ40-ENE-1-FRETRA,0.0086949,
TO,2036,INDBDGPROIMP,NZ40-ENE-1-INDBDG,0.0016147,
TO,2036,PASTRAPROIMP,NZ40-ENE-1-PASTRA,0.0016376,
TO,2036,PUBBDGPROIMP,NZ40-ENE-1-PUBBDG,0.0000010,
TO,2036,RESBDGPROIMP,NZ40-ENE-1-RESBDG,0.0019246,
TO,2036,FRETRARDSLIMP,NZ40-ENE-1-FRETRA,0.0000011,
TO,2036,PASTRARDSLIMP,NZ40-ENE-1-PASTRA,0.0000041,
TO,2036,COMBDGSGAIMP,NZ40-ENE-1-COMBDG,0.0000750,
TO,2036,PASTRASGAIMP,NZ40-ENE-1-PASTRA,0.0000037,
TO,2036,PUBBDGSGAIMP,NZ40-ENE-1-PUBBDG,0.0001632,
TO,2036,RESBDGSGAIMP,NZ40-ENE-1-RESBDG,0.0000219,
TO,2036,PASTRASMTNIMP,NZ40-ENE-1-PASTRA,0.0000037,
TO,2037,FRETRAAGAIMP,NZ40-ENE-1-FRETRA,0.0000032,
TO,2037,FRETRAATFIMP,NZ40-ENE-1-FRETRA,0.0014580,
TO,2037,FRETRABDSLIMP,NZ40-ENE-1-FRETRA,0.0003075,
TO,2037,PASTRABDSLIMP,NZ40-ENE-1-PASTRA,0.0000008,
TO,2037,PUBTRABDSLIMP,NZ40-ENE-1-PUBTRA,0.0010096,
TO,2037,RESBDGBMAIMP,NZ40-ENE-1-RESBDG,0.0020796,
TO,2037,COMBDGBMTNIMP,NZ40-ENE-1-COMBDG,0.0000018,
TO,2037,PASTRABMTNIMP,NZ40-ENE-1-PASTRA,0.0000004,
TO,2037,PUBBDGBMTNIMP,NZ40-ENE-1-PUBBDG,0.0000054,
TO,2037,RESBDGBMTNIMP,NZ40-ENE-1-RESBDG,0.0000012,
TO,2037,RESBDGBWPIMP,NZ40-ENE-1-RESBDG,0.0016004,
TO,2037,FRETRACETHIMP,NZ40-ENE-1-FRETRA,0.0000053,
TO,2037,PASTRACETHIMP,NZ40-ENE-1-PASTRA,0.0000154,
TO,2037,PUBTRACETHIMP,NZ40-ENE-1-PUBTRA,0.0002152,
TO,2037,INDBDGCOAIMP,NZ40-ENE-1-INDBDG,0.0011172,
TO,2037,FRETRADSLIMP,NZ40-ENE-1-FRETRA,0.1233847,
TO,2037,PASTRADSLIMP,NZ40-ENE-1-PASTRA,0.0174460,
TO,2037,PUBTRADSLIMP,NZ40-ENE-1-PUBTRA,0.0989946,
TO,2037,COMBDGELCIMP37,NZ40-ENE-1-COMBDG,0.1300092,
TO,2037,INDBDGELCIMP37,NZ40-ENE-1-INDBDG,0.0620185,
TO,2037,PASTRAELCIMP37,NZ40-ENE-1-PASTRA,0.0072060,
TO,2037,PUBBDGELCIMP37,NZ40-ENE-1-PUBBDG,0.0967081,
TO,2037,RESBDGELCIMP37,NZ40-ENE-1-RESBDG,0.0547283,
TO,2037,FRETRAETHIMP,NZ40-ENE-1-FRETRA,0.0046568,
TO,2037,PASTRAETHIMP,NZ40-ENE-1-PASTRA,0.0000243,
TO,2037,PUBTRAETHIMP,NZ40-ENE-1-PUBTRA,0.0048854,
TO,2037,COMBDGETHOSIMP,NZ40-ENE-1-COMBDG,0.0000108,
TO,2037,RESBDGETHOSIMP,NZ40-ENE-1-RESBDG,0.0000005,
TO,2037,FRETRAFTDSLIMP,NZ40-ENE-1-FRETRA,0.0000350,
TO,2037,PUBTRAFTDSLIMP,NZ40-ENE-1-PUBTRA,0.0005690,
TO,2037,FRETRAGASIMP,NZ40-ENE-1-FRETRA,0.1113565,
TO,2037,PASTRAGASIMP,NZ40-ENE-1-PASTRA,0.2216529,
TO,2037,PUBTRAGASIMP,NZ40-ENE-1-PUBTRA,0.1193262,
TO,2037,COMBDGHFOIMP,NZ40-ENE-1-COMBDG,0.0000589,
TO,2037,INDBDGHFOIMP,NZ40-ENE-1-INDBDG,0.0014647,
TO,2037,PUBBDGHFOIMP,NZ40-ENE-1-PUBBDG,0.0000155,
TO,2037,RESBDGHH2IMP,NZ40-ENE-1-RESBDG,0.0000021,
TO,2037,COMBDGKERIMP,NZ40-ENE-1-COMBDG,0.0000594,
TO,2037,PUBBDGKERIMP,NZ40-ENE-1-PUBBDG,0.0000155,
TO,2037,RESBDGKERIMP,NZ40-ENE-1-RESBDG,0.0001936,
TO,2037,COMBDGLFOIMP,NZ40-ENE-1-COMBDG,0.0003941,
TO,2037,INDBDGLFOIMP,NZ40-ENE-1-INDBDG,0.0062384,
TO,2037,PUBBDGLFOIMP,NZ40-ENE-1-PUBBDG,0.0054275,
TO,2037,RESBDGLFOIMP,NZ40-ENE-1-RESBDG,0.0008522,
TO,2037,COMBDGNGAIMP,NZ40-ENE-1-COMBDG,0.1124181,
TO,2037,INDBDGNGAIMP,NZ40-ENE-1-INDBDG,0.1741461,
TO,2037,PASTRANGAIMP,NZ40-ENE-1-PASTRA,0.0022801,
TO,2037,PUBBDGNGAIMP,NZ40-ENE-1-PUBBDG,0.1476911,
TO,2037,RESBDGNGAIMP,NZ40-ENE-1-RESBDG,0.1889199,
TO,2037,INDBDGPCOKIMP,NZ40-ENE-1-INDBDG,0.0026990,
TO,2037,COMBDGPROIMP,NZ40-ENE-1-COMBDG,0.0069851,
TO,2037,FRETRAPROIMP,NZ40-ENE-1-FRETRA,0.0072458,
TO,2037,INDBDGPROIMP,NZ40-ENE-1-INDBDG,0.0013456,
TO,2037,PASTRAPROIMP,NZ40-ENE-1-PASTRA,0.0013646,
TO,2037,PUBBDGPROIMP,NZ40-ENE-1-PUBBDG,0.0000008,
TO,2037,RESBDGPROIMP,NZ40-ENE-1-RESBDG,0.0016039,
TO,2037,FRETRARDSLIMP,NZ40-ENE-1-FRETRA,0.0000009,
TO,2037,PASTRARDSLIMP,NZ40-ENE-1-PASTRA,0.0000034,
TO,2037,COMBDGSGAIMP,NZ40-ENE-1-COMBDG,0.0000625,
TO,2037,PASTRASGAIMP,NZ40-ENE-1-PASTRA,0.0000031,
TO,2037,PUBBDGSGAIMP,NZ40-ENE-1-PUBBDG,0.0001360,
TO,2037,RESBDGSGAIMP,NZ40-ENE-1-RESBDG,0.0000183,
TO,2037,PASTRASMTNIMP,NZ40-ENE-1-PASTRA,0.0000031,
TO,2038,FRETRAAGAIMP,NZ40-ENE-1-FRETRA,0.0000026,
TO,2038,FRETRAATFIMP,NZ40-ENE-1-FRETRA,0.0011664,
TO,2038,FRETRABDSLIMP,NZ40-ENE-1-FRETRA,0.0002460,
TO,2038,PASTRABDSLIMP,NZ40-ENE-1-PASTRA,0.0000006,
TO,2038,PUBTRABDSLIMP,NZ40-ENE-1-PUBTRA,0.0008077,
TO,2038,RESBDGBMAIMP,NZ40-ENE-1-RESBDG,0.0016637,
TO,2038,COMBDGBMTNIMP,NZ40-ENE-1-COMBDG,0.0000015,
TO,2038,PASTRABMTNIMP,NZ40-ENE-1-PASTRA,0.0000003,
TO,2038,PUBBDGBMTNIMP,NZ40-ENE-1-PUBBDG,0.0000043,
TO,2038,RESBDGBMTNIMP,NZ40-ENE-1-RESBDG,0.0000010,
TO,2038,RESBDGBWPIMP,NZ40-ENE-1-RESBDG,0.0012803,
TO,2038,FRETRACETHIMP,NZ40-ENE-1-FRETRA,0.0000042,
TO,2038,PASTRACETHIMP,NZ40-ENE-1-PASTRA,0.0000123,
TO,2038,PUBTRACETHIMP,NZ40-ENE-1-PUBTRA,0.0001721,
TO,2038,INDBDGCOAIMP,NZ40-ENE-1-INDBDG,0.0008938,
TO,2038,FRETRADSLIMP,NZ40-ENE-1-FRETRA,0.0987078,
TO,2038,PASTRADSLIMP,NZ40-ENE-1-PASTRA,0.0139568,
TO,2038,PUBTRADSLIMP,NZ40-ENE-1-PUBTRA,0.0791957,
TO,2038,COMBDGELCIMP38,NZ40-ENE-1-COMBDG,0.1040073,
TO,2038,INDBDGELCIMP38,NZ40-ENE-1-INDBDG,0.0496148,
TO,2038,PASTRAELCIMP38,NZ40-ENE-1-PASTRA,0.0057648,
TO,2038,PUBBDGELCIMP38,NZ40-ENE-1-PUBBDG,0.0773665,
TO,2038,RESBDGELCIMP38,NZ40-ENE-1-RESBDG,0.0437827,
TO,2038,FRETRAETHIMP,NZ40-ENE-1-FRETRA,0.0037255,
TO,2038,PASTRAETHIMP,NZ40-ENE-1-PASTRA,0.0000194,
TO,2038,PUBTRAETHIMP,NZ40-ENE-1-PUBTRA,0.0039083,
TO,2038,COMBDGETHOSIMP,NZ40-ENE-1-COMBDG,0.0000087,
TO,2038,RESBDGETHOSIMP,NZ40-ENE-1-RESBDG,0.0000004,
TO,2038,FRETRAFTDSLIMP,NZ40-ENE-1-FRETRA,0.0000280,
TO,2038,PUBTRAFTDSLIMP,NZ40-ENE-1-PUBTRA,0.0004552,
TO,2038,FRETRAGASIMP,NZ40-ENE-1-FRETRA,0.0890852,
TO,2038,PASTRAGASIMP,NZ40-ENE-1-PASTRA,0.1773223,
TO,2038,PUBTRAGASIMP,NZ40-ENE-1-PUBTRA,0.0954610,
TO,2038,COMBDGHFOIMP,NZ40-ENE-1-COMBDG,0.0000472,
TO,2038,INDBDGHFOIMP,NZ40-ENE-1-INDBDG,0.0011718,
TO,2038,PUBBDGHFOIMP,NZ40-ENE-1-PUBBDG,0.0000124,
TO,2038,RESBDGHH2IMP,NZ40-ENE-1-RESBDG,0.0000017,
TO,2038,COMBDGKERIMP,NZ40-ENE-1-COMBDG,0.0000476,
TO,2038,PUBBDGKERIMP,NZ40-ENE-1-PUBBDG,0.0000124,
TO,2038,RESBDGKERIMP,NZ40-ENE-1-RESBDG,0.0001549,
TO,2038,COMBDGLFOIMP,NZ40-ENE-1-COMBDG,0.0003153,
TO,2038,INDBDGLFOIMP,NZ40-ENE-1-INDBDG,0.0049907,
TO,2038,PUBBDGLFOIMP,NZ40-ENE-1-PUBBDG,0.0043420,
TO,2038,RESBDGLFOIMP,NZ40-ENE-1-RESBDG,0.0006818,
TO,2038,COMBDGNGAIMP,NZ40-ENE-1-COMBDG,0.0899345,
TO,2038,INDBDGNGAIMP,NZ40-ENE-1-INDBDG,0.1393169,
TO,2038,PASTRANGAIMP,NZ40-ENE-1-PASTRA,0.0018241,
TO,2038,PUBBDGNGAIMP,NZ40-ENE-1-PUBBDG,0.1181529,
TO,2038,RESBDGNGAIMP,NZ40-ENE-1-RESBDG,0.1511359,
TO,2038,INDBDGPCOKIMP,NZ40-ENE-1-INDBDG,0.0021592,
TO,2038,COMBDGPROIMP,NZ40-ENE-1-COMBDG,0.0055881,
TO,2038,FRETRAPROIMP,NZ40-ENE-1-FRETRA,0.0057966,
TO,2038,INDBDGPROIMP,NZ40-ENE-1-INDBDG,0.0010765,
TO,2038,PASTRAPROIMP,NZ40-ENE-1-PASTRA,0.0010917,
TO,2038,PUBBDGPROIMP,NZ40-ENE-1-PUBBDG,0.0000007,
TO,2038,RESBDGPROIMP,NZ40-ENE-1-RESBDG,0.0012831,
TO,2038,FRETRARDSLIMP,NZ40-ENE-1-FRETRA,0.0000007,
TO,2038,PASTRARDSLIMP,NZ40-ENE-1-PASTRA,0.0000027,
TO,2038,COMBDGSGAIMP,NZ40-ENE-1-COMBDG,0.0000500,
TO,2038,PASTRASGAIMP,NZ40-ENE-1-PASTRA,0.0000024,
TO,2038,PUBBDGSGAIMP,NZ40-ENE-1-PUBBDG,0.0001088,
TO,2038,RESBDGSGAIMP,NZ40-ENE-1-RESBDG,0.0000146,
TO,2038,PASTRASMTNIMP,NZ40-ENE-1-PASTRA,0.0000024,
TO,2039,FRETRAAGAIMP,NZ40-ENE-1-FRETRA,0.0000019,
TO,2039,FRETRAATFIMP,NZ40-ENE-1-FRETRA,0.0008748,
TO,2039,FRETRABDSLIMP,NZ40-ENE-1-FRETRA,0.0001845,
TO,2039,PASTRABDSLIMP,NZ40-ENE-1-PASTRA,0.0000005,
TO,2039,PUBTRABDSLIMP,NZ40-ENE-1-PUBTRA,0.0006058,
TO,2039,RESBDGBMAIMP,NZ40-ENE-1-RESBDG,0.0012478,
TO,2039,COMBDGBMTNIMP,NZ40-ENE-1-COMBDG,0.0000011,
TO,2039,PASTRABMTNIMP,NZ40-ENE-1-PASTRA,0.0000002,
TO,2039,PUBBDGBMTNIMP,NZ40-ENE-1-PUBBDG,0.0000032,
TO,2039,RESBDGBMTNIMP,NZ40-ENE-1-RESBDG,0.0000007,
TO,2039,RESBDGBWPIMP,NZ40-ENE-1-RESBDG,0.0009602,
TO,2039,FRETRACETHIMP,NZ40-ENE-1-FRETRA,0.0000032,
TO,2039,PASTRACETHIMP,NZ40-ENE-1-PASTRA,0.0000093,
TO,2039,PUBTRACETHIMP,NZ40-ENE-1-PUBTRA,0.0001291,
TO,2039,INDBDGCOAIMP,NZ40-ENE-1-INDBDG,0.0006703,
TO,2039,FRETRADSLIMP,NZ40-ENE-1-FRETRA,0.0740308,
TO,2039,PASTRADSLIMP,NZ40-ENE-1-PASTRA,0.0104676,
TO,2039,PUBTRADSLIMP,NZ40-ENE-1-PUBTRA,0.0593967,
TO,2039,COMBDGELCIMP39,NZ40-ENE-1-COMBDG,0.0780055,
TO,2039,INDBDGELCIMP39,NZ40-ENE-1-INDBDG,0.0372111,
TO,2039,PASTRAELCIMP39,NZ40-ENE-1-PASTRA,0.0043236,
TO,2039,PUBBDGELCIMP39,NZ40-ENE-1-PUBBDG,0.0580248,
TO,2039,RESBDGELCIMP39,NZ40-ENE-1-RESBDG,0.0328370,
TO,2039,FRETRAETHIMP,NZ40-ENE-1-FRETRA,0.0027941,
TO,2039,PASTRAETHIMP,NZ40-ENE-1-PASTRA,0.0000146,
TO,2039,PUBTRAETHIMP,NZ40-ENE-1-PUBTRA,0.0029313,
TO,2039,COMBDGETHOSIMP,NZ40-ENE-1-COMBDG,0.0000065,
TO,2039,RESBDGETHOSIMP,NZ40-ENE-1-RESBDG,0.0000003,
TO,2039,FRETRAFTDSLIMP,NZ40-ENE-1-FRETRA,0.0000210,
TO,2039,PUBTRAFTDSLIMP,NZ40-ENE-1-PUBTRA,0.0003414,
TO,2039,FRETRAGASIMP,NZ40-ENE-1-FRETRA,0.0668139,
TO,2039,PASTRAGASIMP,NZ40-ENE-1-PASTRA,0.1329917,
TO,2039,PUBTRAGASIMP,NZ40-ENE-1-PUBTRA,0.0715957,
TO,2039,COMBDGHFOIMP,NZ40-ENE-1-COMBDG,0.0000354,
TO,2039,INDBDGHFOIMP,NZ40-ENE-1-INDBDG,0.0008788,
TO,2039,PUBBDGHFOIMP,NZ40-ENE-1-PUBBDG,0.0000093,
TO,2039,RESBDGHH2IMP,NZ40-ENE-1-RESBDG,0.0000013,
TO,2039,COMBDGKERIMP,NZ40-ENE-1-COMBDG,0.0000357,
TO,2039,PUBBDGKERIMP,NZ40-ENE-1-PUBBDG,0.0000093,
TO,2039,RESBDGKERIMP,NZ40-ENE-1-RESBDG,0.0001161,
TO,2039,COMBDGLFOIMP,NZ40-ENE-1-COMBDG,0.0002365,
TO,2039,INDBDGLFOIMP,NZ40-ENE-1-INDBDG,0.0037430,
TO,2039,PUBBDGLFOIMP,NZ40-ENE-1-PUBBDG,0.0032565,
TO,2039,RESBDGLFOIMP,NZ40-ENE-1-RESBDG,0.0005113,
TO,2039,COMBDGNGAIMP,NZ40-ENE-1-COMBDG,0.0674509,
TO,2039,INDBDGNGAIMP,NZ40-ENE-1-INDBDG,0.1044877,
TO,2039,PASTRANGAIMP,NZ40-ENE-1-PASTRA,0.0013681,
TO,2039,PUBBDGNGAIMP,NZ40-ENE-1-PUBBDG,0.0886147,
TO,2039,RESBDGNGAIMP,NZ40-ENE-1-RESBDG,0.1133520,
TO,2039,INDBDGPCOKIMP,NZ40-ENE-1-INDBDG,0.0016194,
TO,2039,COMBDGPROIMP,NZ40-ENE-1-COMBDG,0.0041911,
TO,2039,FRETRAPROIMP,NZ40-ENE-1-FRETRA,0.0043475,
TO,2039,INDBDGPROIMP,NZ40-ENE-1-INDBDG,0.0008074,
TO,2039,PASTRAPROIMP,NZ40-ENE-1-PASTRA,0.0008188,
TO,2039,PUBBDGPROIMP,NZ40-ENE-1-PUBBDG,0.0000005,
TO,2039,RESBDGPROIMP,NZ40-ENE-1-RESBDG,0.0009623,
TO,2039,FRETRARDSLIMP,NZ40-ENE-1-FRETRA,0.0000005,
TO,2039,PASTRARDSLIMP,NZ40-ENE-1-PASTRA,0.0000020,
TO,2039,COMBDGSGAIMP,NZ40-ENE-1-COMBDG,0.0000375,
TO,2039,PASTRASGAIMP,NZ40-ENE-1-PASTRA,0.0000018,
TO,2039,PUBBDGSGAIMP,NZ40-ENE-1-PUBBDG,0.0000816,
TO,2039,RESBDGSGAIMP,NZ40-ENE-1-RESBDG,0.0000110,
TO,2039,PASTRASMTNIMP,NZ40-ENE-1-PASTRA,0.0000018,
,,,,,
,,,,,
,,,,,
,,,,,
,,,,,
,,,,,
,,,,,
,,,,,
,,,,,
,,,,,
,,,,,
,,,,,
,,,,,
,,,,,
,,,,,
,,,,,
,,,,,
,,,,,
,,,,,
,,,,,
,,,,,
,,,,,
,,,,,
,,,,,
,,,,,
,,,,,
,,,,,
,,,,,
,,,,,
,,,,,
,,,,,
,,,,,
,,,,,
,,,,,
,,,,,
,,,,,
,,,,,
,,,,,
,,,,,
,,,,,
,,,,,
,,,,,
,,,,,
,,,,,
,,,,,
,,,,,
,,,,,
,,,,,
,,,,,
,,,,,
,,,,,
,,,,,
,,,,,
,,,,,
,,,,,
,,,,,
,,,,,
,,,,,
,,,,,
,,,,,
,,,,,
,,,,,
,,,,,
,,,,,
,,,,,
,,,,,
,,,,,
,,,,,
,,,,,
,,,,,
,,,,,
,,,,,
,,,,,
,,,,,
,,,,,
,,,,,
,,,,,
,,,,,
,,,,,
,,,,,
,,,,,
,,,,,
,,,,,
,,,,,
,,,,,
,,,,,
,,,,,
,,,,,
,,,,,
,,,,,
,,,,,
,,,,,
,,,,,
,,,,,
,,,,,
,,,,,
,,,,,
,,,,,
,,,,,
,,,,,
,,,,,
,,,,,
,,,,,
,,,,,
,,,,,
,,,,,
,,,,,
,,,,,
,,,,,
,,,,,
,,,,,
,,,,,
,,,,,
,,,,,
,,,,,
,,,,,
,,,,,
,,,,,
,,,,,
,,,,,
,,,,,
,,,,,
,,,,,
,,,,,
,,,,,
,,,,,
,,,,,
,,,,,
,,,,,
,,,,,
,,,,,
,,,,,
,,,,,
,,,,,
,,,,,
,,,,,
,,,,,
,,,,,
,,,,,
,,,,,
,,,,,
,,,,,
,,,,,
,,,,,
,,,,,
,,,,,
,,,,,
,,,,,
,,,,,
,,,,,
,,,,,
,,,,,
,,,,,
,,,,,
,,,,,
,,,,,
,,,,,
,,,,,
,,,,,
,,,,,
,,,,,
,,,,,
,,,,,
,,,,,
,,,,,
,,,,,
,,,,,
,,,,,
,,,,,
,,,,,
,,,,,
,,,,,
,,,,,
,,,,,
,,,,,
,,,,,
,,,,,
,,,,,
,,,,,
,,,,,
,,,,,
,,,,,
,,,,,
,,,,,
,,,,,
,,,,,
,,,,,
,,,,,
,,,,,
,,,,,
,,,,,
,,,,,
,,,,,
,,,,,
,,,,,
,,,,,
,,,,,
,,,,,
,,,,,
,,,,,
,,,,,
,,,,,
,,,,,
,,,,,
,,,,,
,,,,,
,,,,,
,,,,,
,,,,,
,,,,,
,,,,,
,,,,,
,,,,,
,,,,,
